Date,Open,High,Low,Close,Volume,Market Cap
20-Feb-18,$943.57,$965.26,$892.95,$895.37,"$2,545,260,000.00","$92,206,500,000.00"
19-Feb-18,$921.67,$957.78,$921.55,$943.87,"$2,169,020,000.00","$90,047,700,000.00"
18-Feb-18,$973.35,$982.93,$915.45,$923.92,"$2,567,290,000.00","$95,077,100,000.00"
17-Feb-18,$944.75,$976.60,$940.75,$974.12,"$2,525,720,000.00","$92,264,000,000.00"
16-Feb-18,$934.79,$950.00,$917.85,$944.21,"$2,369,450,000.00","$91,272,100,000.00"
15-Feb-18,$923.73,$951.95,$911.11,$936.98,"$2,900,100,000.00","$90,173,300,000.00"
14-Feb-18,$844.28,$926.43,$844.28,$923.56,"$2,818,370,000.00","$82,400,600,000.00"
13-Feb-18,$869.29,$870.71,$828.84,$845.26,"$2,081,170,000.00","$84,824,200,000.00"
12-Feb-18,$817.51,$875.94,$817.51,$868.71,"$2,243,450,000.00","$79,754,400,000.00"
11-Feb-18,$859.29,$859.29,$788.22,$814.66,"$2,486,650,000.00","$83,813,000,000.00"
10-Feb-18,$882.47,$917.40,$825.58,$860.41,"$2,930,530,000.00","$86,055,600,000.00"
9-Feb-18,$818.48,$884.00,$788.83,$883.87,"$2,495,820,000.00","$79,799,300,000.00"
8-Feb-18,$755.84,$845.09,$755.84,$817.81,"$3,708,190,000.00","$73,676,900,000.00"
7-Feb-18,$790.43,$851.20,$723.43,$757.07,"$3,896,180,000.00","$77,032,000,000.00"
6-Feb-18,$707.74,$796.44,$574.42,$793.12,"$6,518,270,000.00","$68,958,700,000.00"
5-Feb-18,$834.96,$856.65,$644.60,$697.95,"$4,269,530,000.00","$81,337,400,000.00"
4-Feb-18,$964.67,$969.03,$805.06,$834.68,"$2,997,090,000.00","$93,953,400,000.00"
3-Feb-18,$919.21,$991.94,$847.69,$964.02,"$3,243,480,000.00","$89,507,600,000.00"
2-Feb-18,"$1,035.77","$1,035.77",$757.98,$915.78,"$6,713,290,000.00","$100,836,000,000.00"
1-Feb-18,"$1,119.37","$1,161.35",$984.82,"$1,036.79","$5,261,680,000.00","$108,952,000,000.00"
31-Jan-18,"$1,071.09","$1,128.66","$1,034.50","$1,118.31","$3,757,560,000.00","$104,231,000,000.00"
30-Jan-18,"$1,184.13","$1,184.63","$1,058.97","$1,071.13","$4,107,860,000.00","$115,207,000,000.00"
29-Jan-18,"$1,246.70","$1,256.70","$1,169.08","$1,182.36","$3,715,080,000.00","$121,269,000,000.00"
28-Jan-18,"$1,111.78","$1,257.77","$1,111.78","$1,246.01","$5,372,330,000.00","$108,122,000,000.00"
27-Jan-18,"$1,055.75","$1,121.98","$1,042.12","$1,107.07","$3,002,870,000.00","$102,651,000,000.00"
26-Jan-18,"$1,052.70","$1,080.60",$996.78,"$1,055.17","$3,617,690,000.00","$102,334,000,000.00"
25-Jan-18,"$1,063.22","$1,104.66","$1,034.74","$1,056.03","$4,050,190,000.00","$103,335,000,000.00"
24-Jan-18,$987.48,"$1,062.44",$965.81,"$1,058.78","$3,944,040,000.00","$95,952,700,000.00"
23-Jan-18,"$1,004.17","$1,023.23",$920.54,$986.23,"$3,556,700,000.00","$97,554,300,000.00"
22-Jan-18,"$1,055.35","$1,089.10",$930.74,"$1,003.26","$3,810,100,000.00","$102,504,000,000.00"
21-Jan-18,"$1,155.68","$1,155.68","$1,021.50","$1,049.58","$3,378,090,000.00","$112,226,000,000.00"
20-Jan-18,"$1,044.95","$1,167.11","$1,044.95","$1,155.15","$3,975,190,000.00","$101,451,000,000.00"
19-Jan-18,"$1,028.82","$1,093.22","$1,003.71","$1,039.10","$4,084,450,000.00","$99,863,900,000.00"
18-Jan-18,"$1,016.44","$1,100.31",$967.76,"$1,036.28","$5,938,320,000.00","$98,642,100,000.00"
17-Jan-18,"$1,061.34","$1,090.23",$780.92,"$1,014.25","$8,545,160,000.00","$102,974,000,000.00"
16-Jan-18,"$1,292.63","$1,292.63",$875.54,"$1,053.69","$8,405,140,000.00","$125,389,000,000.00"
15-Jan-18,"$1,365.21","$1,390.59","$1,290.60","$1,291.92","$4,781,100,000.00","$132,404,000,000.00"
14-Jan-18,"$1,397.48","$1,400.56","$1,286.21","$1,366.77","$4,841,630,000.00","$135,503,000,000.00"
13-Jan-18,"$1,270.47","$1,432.88","$1,270.47","$1,396.42","$5,746,760,000.00","$123,163,000,000.00"
12-Jan-18,"$1,158.29","$1,296.04","$1,120.09","$1,273.20","$5,222,300,000.00","$112,263,000,000.00"
11-Jan-18,"$1,268.09","$1,337.30","$1,135.17","$1,154.93","$7,235,900,000.00","$122,879,000,000.00"
10-Jan-18,"$1,300.34","$1,417.38","$1,226.60","$1,255.82","$9,214,950,000.00","$125,976,000,000.00"
9-Jan-18,"$1,146.00","$1,320.98","$1,145.49","$1,299.74","$7,965,460,000.00","$110,999,000,000.00"
8-Jan-18,"$1,158.26","$1,266.93","$1,016.05","$1,148.53","$8,450,970,000.00","$112,164,000,000.00"
7-Jan-18,"$1,043.01","$1,153.17","$1,043.01","$1,153.17","$5,569,880,000.00","$100,981,000,000.00"
6-Jan-18,$995.15,"$1,060.71",$994.62,"$1,041.68","$4,662,220,000.00","$96,326,500,000.00"
5-Jan-18,$975.75,"$1,075.39",$956.33,$997.72,"$6,683,150,000.00","$94,423,900,000.00"
4-Jan-18,$961.71,"$1,045.08",$946.09,$980.92,"$6,502,860,000.00","$93,049,400,000.00"
3-Jan-18,$886.00,$974.47,$868.45,$962.72,"$5,093,160,000.00","$85,703,500,000.00"
2-Jan-18,$772.35,$914.83,$772.35,$884.44,"$5,783,350,000.00","$74,695,700,000.00"
1-Jan-18,$755.76,$782.53,$742.00,$772.64,"$2,595,760,000.00","$73,075,800,000.00"
31-Dec-17,$712.21,$760.35,$710.12,$756.73,"$2,554,270,000.00","$68,850,800,000.00"
30-Dec-17,$753.82,$753.82,$685.23,$717.26,"$3,187,780,000.00","$72,856,900,000.00"
29-Dec-17,$740.39,$770.12,$729.61,$753.59,"$2,648,970,000.00","$71,544,300,000.00"
28-Dec-17,$762.21,$763.32,$701.19,$737.02,"$2,389,150,000.00","$73,637,100,000.00"
27-Dec-17,$774.97,$789.25,$738.41,$762.84,"$2,100,030,000.00","$74,854,100,000.00"
26-Dec-17,$763.37,$786.79,$760.93,$773.84,"$2,201,160,000.00","$73,717,800,000.00"
25-Dec-17,$698.87,$782.52,$698.87,$765.83,"$2,491,760,000.00","$67,475,100,000.00"
24-Dec-17,$721.77,$721.77,$614.92,$694.15,"$2,300,550,000.00","$69,671,200,000.00"
23-Dec-17,$681.32,$763.89,$679.73,$719.39,"$2,480,340,000.00","$65,752,100,000.00"
22-Dec-17,$822.64,$827.68,$543.76,$674.86,"$4,977,710,000.00","$79,374,400,000.00"
21-Dec-17,$820.24,$880.54,$792.69,$821.06,"$3,569,060,000.00","$79,125,300,000.00"
20-Dec-17,$827.52,$845.06,$756.00,$819.09,"$3,969,940,000.00","$79,810,600,000.00"
19-Dec-17,$793.90,$881.94,$785.34,$826.82,"$4,096,550,000.00","$76,552,200,000.00"
18-Dec-17,$721.73,$803.93,$689.23,$794.64,"$3,249,230,000.00","$69,578,400,000.00"
17-Dec-17,$696.24,$735.83,$696.24,$719.98,"$2,147,390,000.00","$67,106,400,000.00"
16-Dec-17,$686.19,$718.38,$680.79,$696.21,"$2,165,690,000.00","$66,124,200,000.00"
15-Dec-17,$696.38,$697.13,$621.06,$684.45,"$2,758,710,000.00","$67,090,900,000.00"
14-Dec-17,$700.59,$753.12,$664.99,$695.82,"$3,821,580,000.00","$67,482,900,000.00"
13-Dec-17,$644.91,$747.99,$597.80,$702.77,"$4,524,540,000.00","$62,105,600,000.00"
12-Dec-17,$522.29,$657.32,$504.49,$651.43,"$5,179,830,000.00","$50,286,400,000.00"
11-Dec-17,$440.36,$516.97,$439.10,$515.14,"$1,771,440,000.00","$42,389,300,000.00"
10-Dec-17,$472.79,$472.79,$429.51,$441.72,"$1,404,180,000.00","$45,501,400,000.00"
9-Dec-17,$457.34,$504.15,$456.25,$473.50,"$2,003,850,000.00","$44,005,600,000.00"
8-Dec-17,$434.99,$466.06,$422.37,$456.03,"$2,336,380,000.00","$41,845,800,000.00"
7-Dec-17,$426.37,$441.40,$414.41,$434.41,"$2,129,570,000.00","$41,007,600,000.00"
6-Dec-17,$462.60,$462.71,$420.21,$428.59,"$1,998,260,000.00","$44,483,100,000.00"
5-Dec-17,$470.29,$473.56,$457.66,$463.28,"$1,216,720,000.00","$45,212,800,000.00"
4-Dec-17,$466.05,$474.78,$453.31,$470.20,"$1,005,550,000.00","$44,795,700,000.00"
3-Dec-17,$463.70,$482.81,$451.85,$465.85,"$990,557,000.00","$44,560,500,000.00"
2-Dec-17,$466.85,$476.24,$456.65,$463.45,"$943,650,000.00","$44,853,300,000.00"
1-Dec-17,$445.21,$472.61,$428.31,$466.54,"$1,247,880,000.00","$42,765,000,000.00"
30-Nov-17,$431.21,$465.50,$401.24,$447.11,"$1,903,040,000.00","$41,411,900,000.00"
29-Nov-17,$473.28,$522.31,$425.07,$427.52,"$2,675,940,000.00","$45,442,100,000.00"
28-Nov-17,$480.52,$482.48,$466.35,$472.90,"$1,346,500,000.00","$46,127,200,000.00"
27-Nov-17,$471.53,$493.40,$468.49,$480.36,"$1,396,480,000.00","$45,255,000,000.00"
26-Nov-17,$465.97,$472.72,$451.61,$471.33,"$1,197,780,000.00","$44,712,100,000.00"
25-Nov-17,$475.68,$485.19,$461.05,$466.28,"$1,422,080,000.00","$45,633,400,000.00"
24-Nov-17,$412.50,$480.97,$402.76,$474.91,"$2,292,830,000.00","$39,564,300,000.00"
23-Nov-17,$381.44,$425.55,$376.09,$410.17,"$1,845,680,000.00","$36,577,300,000.00"
22-Nov-17,$360.31,$381.42,$360.15,$380.65,"$800,819,000.00","$34,544,000,000.00"
21-Nov-17,$367.44,$372.47,$350.69,$360.40,"$949,912,000.00","$35,220,200,000.00"
20-Nov-17,$354.09,$372.14,$353.29,$366.73,"$807,027,000.00","$33,933,400,000.00"
19-Nov-17,$347.40,$371.29,$344.74,$354.39,"$1,181,530,000.00","$33,284,900,000.00"
18-Nov-17,$331.98,$349.62,$327.69,$347.61,"$649,639,000.00","$31,800,700,000.00"
17-Nov-17,$330.17,$334.96,$327.52,$332.39,"$621,733,000.00","$31,620,300,000.00"
16-Nov-17,$333.44,$336.16,$323.61,$330.92,"$797,254,000.00","$31,927,300,000.00"
15-Nov-17,$337.96,$340.91,$329.81,$333.36,"$722,666,000.00","$32,353,200,000.00"
14-Nov-17,$316.76,$340.18,$316.76,$337.63,"$1,069,680,000.00","$30,317,300,000.00"
13-Nov-17,$307.02,$328.42,$307.02,$316.72,"$1,041,890,000.00","$29,379,000,000.00"
12-Nov-17,$314.69,$319.15,$298.51,$307.91,"$1,613,480,000.00","$30,106,200,000.00"
11-Nov-17,$298.59,$319.45,$298.19,$314.68,"$842,301,000.00","$28,559,400,000.00"
10-Nov-17,$320.67,$324.72,$294.54,$299.25,"$885,986,000.00","$30,665,200,000.00"
9-Nov-17,$308.64,$329.45,$307.06,$320.88,"$893,250,000.00","$29,509,000,000.00"
8-Nov-17,$294.27,$318.70,$293.10,$309.07,"$967,956,000.00","$28,128,700,000.00"
7-Nov-17,$298.57,$304.84,$290.77,$294.66,"$540,766,000.00","$28,533,300,000.00"
6-Nov-17,$296.43,$305.42,$293.72,$298.89,"$579,359,000.00","$28,322,700,000.00"
5-Nov-17,$300.04,$301.37,$295.12,$296.26,"$337,658,000.00","$28,661,500,000.00"
4-Nov-17,$305.48,$305.48,$295.80,$300.47,"$416,479,000.00","$29,175,300,000.00"
3-Nov-17,$288.50,$308.31,$287.69,$305.71,"$646,340,000.00","$27,547,400,000.00"
2-Nov-17,$290.73,$293.91,$281.17,$287.43,"$904,901,000.00","$27,754,200,000.00"
1-Nov-17,$305.76,$306.40,$290.58,$291.69,"$553,864,000.00","$29,183,600,000.00"
31-Oct-17,$307.38,$310.55,$305.88,$305.88,"$369,583,000.00","$29,331,500,000.00"
30-Oct-17,$304.78,$310.50,$304.35,$307.75,"$331,442,000.00","$29,077,600,000.00"
29-Oct-17,$296.38,$313.75,$296.38,$305.09,"$551,752,000.00","$28,270,200,000.00"
28-Oct-17,$297.92,$300.36,$293.58,$296.30,"$264,424,000.00","$28,410,400,000.00"
27-Oct-17,$296.51,$299.26,$294.06,$297.42,"$257,169,000.00","$28,270,100,000.00"
26-Oct-17,$298.02,$301.07,$295.22,$296.53,"$270,273,000.00","$28,408,400,000.00"
25-Oct-17,$298.44,$301.85,$290.72,$297.93,"$325,040,000.00","$28,442,000,000.00"
24-Oct-17,$287.12,$311.96,$282.66,$298.33,"$684,281,000.00","$27,357,500,000.00"
23-Oct-17,$295.10,$295.75,$277.57,$286.95,"$482,336,000.00","$28,111,400,000.00"
22-Oct-17,$300.55,$305.50,$292.81,$295.45,"$327,387,000.00","$28,624,800,000.00"
21-Oct-17,$303.57,$303.93,$291.77,$300.19,"$408,014,000.00","$28,906,600,000.00"
20-Oct-17,$308.05,$311.44,$303.49,$304.01,"$396,673,000.00","$29,326,300,000.00"
19-Oct-17,$314.54,$316.71,$305.83,$308.09,"$349,830,000.00","$29,937,900,000.00"
18-Oct-17,$316.94,$317.24,$290.64,$314.32,"$606,114,000.00","$30,160,500,000.00"
17-Oct-17,$333.48,$333.48,$311.79,$317.08,"$509,924,000.00","$31,727,700,000.00"
16-Oct-17,$336.71,$349.35,$332.04,$333.38,"$692,885,000.00","$32,029,200,000.00"
15-Oct-17,$339.53,$342.72,$320.43,$336.60,"$635,407,000.00","$32,292,100,000.00"
14-Oct-17,$338.85,$347.98,$334.70,$339.63,"$516,562,000.00","$32,222,400,000.00"
13-Oct-17,$304.08,$348.60,$299.66,$338.76,"$1,304,360,000.00","$28,911,100,000.00"
12-Oct-17,$303.50,$309.15,$303.29,$304.14,"$527,557,000.00","$28,851,200,000.00"
11-Oct-17,$301.18,$304.39,$299.10,$303.46,"$264,146,000.00","$28,626,300,000.00"
10-Oct-17,$297.60,$306.15,$293.17,$299.87,"$359,706,000.00","$28,281,400,000.00"
9-Oct-17,$308.67,$309.31,$288.19,$297.39,"$559,467,000.00","$29,328,300,000.00"
8-Oct-17,$311.06,$312.54,$308.03,$308.61,"$293,167,000.00","$29,550,900,000.00"
7-Oct-17,$308.89,$313.13,$304.98,$311.12,"$342,205,000.00","$29,340,400,000.00"
6-Oct-17,$295.15,$308.84,$294.95,$308.59,"$318,664,000.00","$28,031,100,000.00"
5-Oct-17,$292.77,$298.04,$288.84,$295.86,"$253,747,000.00","$27,800,400,000.00"
4-Oct-17,$292.75,$299.39,$290.89,$292.66,"$257,906,000.00","$27,794,100,000.00"
3-Oct-17,$297.48,$300.11,$288.13,$292.46,"$321,680,000.00","$28,238,500,000.00"
2-Oct-17,$302.48,$302.92,$294.58,$297.48,"$339,443,000.00","$28,708,500,000.00"
1-Oct-17,$301.55,$303.19,$295.06,$302.34,"$306,185,000.00","$28,615,200,000.00"
30-Sep-17,$291.48,$303.96,$291.11,$301.46,"$332,439,000.00","$27,655,200,000.00"
29-Sep-17,$299.12,$299.92,$279.77,$291.47,"$541,375,000.00","$28,375,900,000.00"
28-Sep-17,$306.47,$307.20,$295.47,$299.15,"$501,894,000.00","$29,068,700,000.00"
27-Sep-17,$287.02,$308.01,$286.82,$306.47,"$550,244,000.00","$27,219,400,000.00"
26-Sep-17,$292.35,$293.75,$287.02,$287.44,"$345,801,000.00","$27,720,000,000.00"
25-Sep-17,$282.22,$293.51,$281.88,$292.33,"$483,161,000.00","$26,755,500,000.00"
24-Sep-17,$286.21,$292.95,$278.13,$282.48,"$571,411,000.00","$27,129,900,000.00"
23-Sep-17,$264.60,$286.17,$261.12,$286.17,"$450,934,000.00","$25,077,100,000.00"
22-Sep-17,$258.11,$270.54,$256.22,$264.31,"$430,081,000.00","$24,458,400,000.00"
21-Sep-17,$283.26,$286.61,$255.02,$258.58,"$601,266,000.00","$26,836,000,000.00"
20-Sep-17,$282.01,$290.89,$278.05,$283.74,"$421,404,000.00","$26,712,400,000.00"
19-Sep-17,$293.66,$295.77,$274.48,$282.80,"$646,909,000.00","$27,809,300,000.00"
18-Sep-17,$252.23,$293.50,$252.23,$293.50,"$1,127,750,000.00","$23,881,200,000.00"
17-Sep-17,$245.85,$257.00,$235.24,$251.75,"$427,452,000.00","$23,272,500,000.00"
16-Sep-17,$250.87,$262.59,$238.22,$246.52,"$711,737,000.00","$23,742,600,000.00"
15-Sep-17,$215.22,$258.65,$195.03,$250.46,"$1,935,700,000.00","$20,364,900,000.00"
14-Sep-17,$276.59,$280.84,$213.91,$213.91,"$1,184,590,000.00","$26,166,100,000.00"
13-Sep-17,$291.12,$291.12,$260.61,$277.11,"$921,692,000.00","$27,535,700,000.00"
12-Sep-17,$294.63,$311.19,$287.23,$291.46,"$753,144,000.00","$27,861,800,000.00"
11-Sep-17,$289.75,$300.69,$286.69,$294.53,"$571,307,000.00","$27,394,400,000.00"
10-Sep-17,$294.06,$294.76,$268.97,$288.75,"$698,326,000.00","$27,797,200,000.00"
9-Sep-17,$296.17,$299.89,$287.22,$294.40,"$528,621,000.00","$27,990,500,000.00"
8-Sep-17,$329.64,$329.64,$285.16,$296.50,"$1,098,780,000.00","$31,147,200,000.00"
7-Sep-17,$333.52,$333.52,$319.94,$329.43,"$718,624,000.00","$31,507,500,000.00"
6-Sep-17,$313.80,$334.66,$313.49,$334.34,"$1,058,830,000.00","$29,639,100,000.00"
5-Sep-17,$297.57,$318.57,$268.29,$312.99,"$1,551,050,000.00","$28,100,000,000.00"
4-Sep-17,$347.13,$347.13,$279.94,$295.17,"$1,801,690,000.00","$32,774,000,000.00"
3-Sep-17,$350.23,$366.49,$332.23,$347.48,"$986,266,000.00","$33,059,800,000.00"
2-Sep-17,$387.82,$389.35,$328.10,$348.98,"$1,483,600,000.00","$36,601,200,000.00"
1-Sep-17,$383.47,$390.04,$383.47,$387.74,"$874,222,000.00","$36,182,900,000.00"
31-Aug-17,$378.44,$386.14,$376.35,$383.04,"$706,254,000.00","$35,701,500,000.00"
30-Aug-17,$369.47,$388.75,$361.97,$378.49,"$1,333,320,000.00","$34,848,400,000.00"
29-Aug-17,$347.96,$373.76,$347.79,$370.67,"$1,220,030,000.00","$32,813,200,000.00"
28-Aug-17,$350.04,$352.05,$338.41,$347.75,"$854,319,000.00","$33,002,700,000.00"
27-Aug-17,$334.36,$347.89,$334.36,$347.89,"$633,370,000.00","$31,517,500,000.00"
26-Aug-17,$331.99,$334.99,$327.92,$333.88,"$514,181,000.00","$31,288,300,000.00"
25-Aug-17,$326.11,$336.40,$325.80,$331.92,"$760,329,000.00","$30,727,900,000.00"
24-Aug-17,$317.45,$327.96,$317.08,$325.61,"$697,665,000.00","$29,904,600,000.00"
23-Aug-17,$315.27,$324.21,$314.54,$317.52,"$811,990,000.00","$29,691,900,000.00"
22-Aug-17,$321.06,$327.36,$297.91,$314.79,"$1,336,400,000.00","$30,229,900,000.00"
21-Aug-17,$300.48,$347.05,$297.23,$321.59,"$2,448,970,000.00","$28,285,500,000.00"
20-Aug-17,$296.64,$301.43,$291.58,$301.43,"$571,947,000.00","$27,918,100,000.00"
19-Aug-17,$296.18,$301.67,$286.18,$297.47,"$860,202,000.00","$27,867,900,000.00"
18-Aug-17,$301.70,$307.96,$292.50,$295.59,"$936,160,000.00","$28,380,200,000.00"
17-Aug-17,$302.81,$311.03,$300.25,$301.46,"$909,494,000.00","$28,477,500,000.00"
16-Aug-17,$289.82,$303.41,$285.38,$302.27,"$967,643,000.00","$27,249,700,000.00"
15-Aug-17,$299.95,$300.41,$279.33,$289.82,"$1,051,800,000.00","$28,195,800,000.00"
14-Aug-17,$298.03,$306.81,$296.41,$300.10,"$864,391,000.00","$28,008,700,000.00"
13-Aug-17,$310.37,$310.82,$289.31,$298.06,"$1,369,370,000.00","$29,161,100,000.00"
12-Aug-17,$308.71,$317.56,$307.90,$310.60,"$1,111,650,000.00","$28,998,700,000.00"
11-Aug-17,$294.50,$309.21,$294.50,$308.86,"$953,576,000.00","$27,657,000,000.00"
10-Aug-17,$296.96,$306.59,$289.93,$295.89,"$1,076,820,000.00","$27,882,200,000.00"
9-Aug-17,$297.63,$318.72,$276.69,$296.03,"$2,638,580,000.00","$27,938,700,000.00"
8-Aug-17,$269.10,$298.91,$266.80,$296.77,"$1,502,410,000.00","$25,254,600,000.00"
7-Aug-17,$261.24,$271.96,$256.69,$269.18,"$935,727,000.00","$24,511,000,000.00"
6-Aug-17,$256.42,$271.05,$252.85,$261.57,"$1,482,980,000.00","$24,053,500,000.00"
5-Aug-17,$222.85,$256.51,$221.95,$256.51,"$1,333,000,000.00","$20,900,000,000.00"
4-Aug-17,$225.31,$227.62,$222.06,$223.07,"$539,783,000.00","$21,125,600,000.00"
3-Aug-17,$220.18,$228.29,$219.89,$225.34,"$557,217,000.00","$20,640,100,000.00"
2-Aug-17,$227.01,$229.51,$218.12,$219.95,"$632,606,000.00","$21,275,200,000.00"
1-Aug-17,$204.69,$227.74,$204.69,$226.77,"$1,585,330,000.00","$19,179,100,000.00"
31-Jul-17,$197.41,$203.87,$193.41,$203.87,"$569,414,000.00","$18,492,000,000.00"
30-Jul-17,$206.74,$208.54,$196.15,$197.98,"$596,234,000.00","$19,360,900,000.00"
29-Jul-17,$193.34,$208.68,$179.65,$205.79,"$824,355,000.00","$18,101,800,000.00"
28-Jul-17,$204.32,$204.90,$192.30,$193.12,"$562,571,000.00","$19,125,100,000.00"
27-Jul-17,$204.86,$206.44,$201.26,$204.32,"$393,283,000.00","$19,169,800,000.00"
26-Jul-17,$207.09,$210.77,$194.78,$203.95,"$717,692,000.00","$19,373,400,000.00"
25-Jul-17,$224.37,$225.32,$195.84,$206.71,"$1,095,760,000.00","$20,985,200,000.00"
24-Jul-17,$226.28,$227.54,$222.45,$224.71,"$431,691,000.00","$21,158,500,000.00"
23-Jul-17,$229.12,$231.68,$217.72,$225.95,"$649,615,000.00","$21,418,300,000.00"
22-Jul-17,$217.86,$232.70,$216.87,$229.48,"$618,260,000.00","$20,360,100,000.00"
21-Jul-17,$226.06,$235.12,$213.01,$218.31,"$1,006,130,000.00","$21,121,100,000.00"
20-Jul-17,$205.42,$233.90,$203.22,$227.26,"$2,225,000,000.00","$19,187,800,000.00"
19-Jul-17,$234.94,$245.65,$191.75,$199.70,"$2,328,790,000.00","$21,939,300,000.00"
18-Jul-17,$195.03,$267.99,$182.06,$234.39,"$2,709,260,000.00","$18,207,400,000.00"
17-Jul-17,$159.99,$194.75,$158.04,$193.42,"$1,669,500,000.00","$14,932,700,000.00"
16-Jul-17,$169.57,$172.01,$133.72,$157.36,"$1,516,890,000.00","$15,823,100,000.00"
15-Jul-17,$199.71,$200.16,$170.66,$170.66,"$810,452,000.00","$18,630,200,000.00"
14-Jul-17,$209.53,$211.10,$187.37,$199.66,"$749,382,000.00","$19,541,300,000.00"
13-Jul-17,$231.81,$231.81,$200.06,$209.73,"$828,489,000.00","$21,613,900,000.00"
12-Jul-17,$197.15,$230.77,$189.59,$230.77,"$1,241,190,000.00","$18,377,600,000.00"
11-Jul-17,$211.53,$220.29,$183.39,$197.40,"$1,440,950,000.00","$19,712,300,000.00"
10-Jul-17,$243.01,$243.07,$196.97,$215.36,"$937,219,000.00","$22,640,500,000.00"
9-Jul-17,$251.82,$255.10,$242.14,$242.14,"$505,118,000.00","$23,454,700,000.00"
8-Jul-17,$245.89,$273.48,$236.55,$251.70,"$754,958,000.00","$22,890,700,000.00"
7-Jul-17,$270.35,$273.94,$244.17,$245.99,"$687,252,000.00","$25,160,800,000.00"
6-Jul-17,$268.86,$278.48,$265.51,$270.55,"$623,080,000.00","$25,019,500,000.00"
5-Jul-17,$273.10,$275.13,$261.45,$268.77,"$790,256,000.00","$25,406,900,000.00"
4-Jul-17,$282.19,$287.39,$273.11,$273.30,"$687,691,000.00","$26,245,000,000.00"
3-Jul-17,$288.41,$291.10,$281.18,$282.90,"$851,408,000.00","$26,815,900,000.00"
2-Jul-17,$275.12,$295.51,$262.52,$287.99,"$1,123,330,000.00","$25,572,800,000.00"
1-Jul-17,$293.35,$293.75,$268.62,$274.60,"$1,089,200,000.00","$27,259,400,000.00"
30-Jun-17,$303.15,$315.17,$288.44,$294.92,"$1,011,800,000.00","$28,161,900,000.00"
29-Jun-17,$328.37,$330.71,$297.37,$302.88,"$1,508,580,000.00","$30,495,300,000.00"
28-Jun-17,$293.04,$333.10,$276.41,$327.93,"$2,056,550,000.00","$27,207,000,000.00"
27-Jun-17,$272.69,$293.09,$227.14,$293.09,"$1,973,870,000.00","$25,309,700,000.00"
26-Jun-17,$302.95,$311.46,$238.65,$272.69,"$2,081,810,000.00","$28,111,200,000.00"
25-Jun-17,$323.47,$332.79,$284.65,$303.25,"$1,186,880,000.00","$30,005,900,000.00"
24-Jun-17,$341.63,$343.62,$322.09,$323.70,"$673,585,000.00","$31,681,300,000.00"
23-Jun-17,$336.49,$348.01,$334.99,$341.74,"$593,207,000.00","$31,195,900,000.00"
22-Jun-17,$337.73,$342.03,$330.62,$336.37,"$925,767,000.00","$31,302,600,000.00"
21-Jun-17,$359.54,$361.34,$319.48,$336.87,"$1,420,130,000.00","$33,310,500,000.00"
20-Jun-17,$370.33,$377.97,$350.94,$359.00,"$1,020,390,000.00","$34,304,000,000.00"
19-Jun-17,$371.86,$377.12,$369.76,$370.06,"$685,172,000.00","$34,435,700,000.00"
18-Jun-17,$379.52,$390.58,$368.84,$371.46,"$904,703,000.00","$35,133,800,000.00"
17-Jun-17,$369.88,$379.41,$364.00,$379.41,"$904,653,000.00","$34,231,300,000.00"
16-Jun-17,$361.18,$373.06,$341.42,$370.23,"$1,096,280,000.00","$33,415,800,000.00"
15-Jun-17,$358.51,$364.44,$300.70,$361.93,"$2,463,450,000.00","$33,158,200,000.00"
14-Jun-17,$397.59,$399.32,$342.21,$359.05,"$1,272,580,000.00","$36,761,600,000.00"
13-Jun-17,$395.69,$411.18,$370.06,$397.54,"$1,717,380,000.00","$36,574,500,000.00"
12-Jun-17,$341.16,$414.76,$341.16,$401.49,"$2,882,650,000.00","$31,525,300,000.00"
11-Jun-17,$338.79,$353.01,$318.17,$340.61,"$1,373,220,000.00","$31,296,800,000.00"
10-Jun-17,$282.01,$350.26,$282.01,$337.67,"$1,611,630,000.00","$26,043,700,000.00"
9-Jun-17,$261.75,$282.76,$261.75,$281.74,"$557,986,000.00","$24,165,000,000.00"
8-Jun-17,$257.99,$262.25,$253.97,$261.67,"$385,494,000.00","$23,810,900,000.00"
7-Jun-17,$264.26,$264.67,$254.04,$258.07,"$461,649,000.00","$24,382,200,000.00"
6-Jun-17,$248.60,$267.51,$246.84,$264.47,"$741,553,000.00","$22,930,400,000.00"
5-Jun-17,$245.26,$249.47,$243.05,$248.46,"$435,660,000.00","$22,615,800,000.00"
4-Jun-17,$224.12,$250.41,$223.98,$245.33,"$753,820,000.00","$20,659,800,000.00"
3-Jun-17,$223.46,$225.97,$219.42,$224.38,"$427,896,000.00","$20,593,500,000.00"
2-Jun-17,$222.29,$229.41,$219.58,$223.78,"$469,532,000.00","$20,479,000,000.00"
1-Jun-17,$230.89,$236.22,$214.48,$222.24,"$812,924,000.00","$21,264,800,000.00"
31-May-17,$231.58,$236.97,$215.57,$230.67,"$1,271,600,000.00","$21,321,900,000.00"
30-May-17,$195.61,$233.71,$189.29,$231.91,"$1,586,670,000.00","$18,004,700,000.00"
29-May-17,$170.13,$197.13,$164.53,$194.91,"$718,828,000.00","$15,654,600,000.00"
28-May-17,$158.82,$179.94,$157.60,$170.51,"$717,971,000.00","$14,608,600,000.00"
27-May-17,$159.82,$166.95,$120.44,$157.76,"$1,217,060,000.00","$14,696,000,000.00"
26-May-17,$175.22,$193.69,$150.28,$160.40,"$792,458,000.00","$16,107,000,000.00"
25-May-17,$189.85,$210.98,$170.51,$174.45,"$943,637,000.00","$17,446,600,000.00"
24-May-17,$182.65,$228.37,$182.45,$190.05,"$561,014,000.00","$16,779,700,000.00"
23-May-17,$170.82,$183.55,$169.93,$181.95,"$530,709,000.00","$15,688,000,000.00"
22-May-17,$158.17,$201.75,$152.47,$174.26,"$1,188,910,000.00","$14,522,100,000.00"
21-May-17,$127.54,$159.03,$125.89,$157.94,"$570,361,000.00","$11,705,700,000.00"
20-May-17,$129.22,$133.64,$124.70,$126.52,"$331,455,000.00","$11,856,600,000.00"
19-May-17,$97.05,$133.56,$97.05,$129.53,"$626,945,000.00","$8,902,240,000.00"
18-May-17,$89.84,$97.37,$89.84,$96.91,"$196,237,000.00","$8,238,110,000.00"
17-May-17,$89.25,$91.27,$84.43,$89.86,"$183,031,000.00","$8,181,520,000.00"
16-May-17,$92.39,$93.56,$89.12,$89.44,"$152,285,000.00","$8,466,470,000.00"
15-May-17,$90.78,$95.43,$86.83,$92.41,"$170,999,000.00","$8,316,930,000.00"
14-May-17,$90.87,$91.25,$89.61,$90.79,"$66,046,600.00","$8,322,380,000.00"
13-May-17,$88.69,$93.81,$86.66,$90.84,"$88,742,200.00","$8,120,390,000.00"
12-May-17,$89.43,$93.12,$88.66,$88.66,"$145,825,000.00","$8,184,930,000.00"
11-May-17,$89.77,$102.55,$88.48,$89.88,"$132,722,000.00","$8,213,570,000.00"
10-May-17,$91.15,$92.85,$85.29,$89.52,"$145,602,000.00","$8,337,180,000.00"
9-May-17,$91.23,$93.06,$80.39,$91.16,"$363,434,000.00","$8,341,490,000.00"
8-May-17,$93.75,$95.14,$89.51,$91.42,"$231,344,000.00","$8,569,060,000.00"
7-May-17,$97.87,$98.24,$89.87,$94.01,"$183,295,000.00","$8,942,950,000.00"
6-May-17,$94.91,$97.88,$90.95,$97.81,"$151,462,000.00","$8,669,910,000.00"
5-May-17,$96.73,$103.23,$92.22,$94.40,"$331,928,000.00","$8,833,520,000.00"
4-May-17,$79.72,$97.56,$79.43,$96.98,"$366,847,000.00","$7,277,480,000.00"
3-May-17,$77.25,$80.10,$75.76,$79.72,"$141,922,000.00","$7,050,050,000.00"
2-May-17,$76.65,$79.35,$74.38,$77.26,"$193,773,000.00","$6,992,980,000.00"
1-May-17,$79.32,$82.52,$73.09,$76.30,"$376,842,000.00","$7,234,070,000.00"
30-Apr-17,$68.54,$79.02,$68.35,$79.02,"$229,945,000.00","$6,248,840,000.00"
29-Apr-17,$71.39,$71.90,$66.78,$68.38,"$165,448,000.00","$6,506,490,000.00"
28-Apr-17,$62.23,$70.85,$62.13,$70.16,"$346,546,000.00","$5,669,550,000.00"
27-Apr-17,$52.81,$62.17,$52.29,$62.17,"$246,775,000.00","$4,809,630,000.00"
26-Apr-17,$49.91,$53.44,$49.91,$52.72,"$104,884,000.00","$4,544,370,000.00"
25-Apr-17,$50.07,$50.30,$49.81,$49.89,"$38,264,600.00","$4,557,870,000.00"
24-Apr-17,$48.87,$50.18,$48.87,$50.03,"$55,580,600.00","$4,446,470,000.00"
23-Apr-17,$48.59,$48.89,$48.17,$48.49,"$36,234,000.00","$4,420,040,000.00"
22-Apr-17,$48.18,$48.74,$48.17,$48.55,"$37,357,600.00","$4,381,290,000.00"
21-Apr-17,$49.64,$49.66,$48.14,$48.22,"$45,048,300.00","$4,512,610,000.00"
20-Apr-17,$48.13,$49.99,$48.13,$49.67,"$79,600,900.00","$4,373,800,000.00"
19-Apr-17,$50.73,$50.95,$47.26,$48.31,"$76,281,000.00","$4,608,260,000.00"
18-Apr-17,$48.32,$51.03,$48.30,$50.71,"$78,748,500.00","$4,387,860,000.00"
17-Apr-17,$48.66,$48.75,$48.05,$48.30,"$44,013,300.00","$4,417,310,000.00"
16-Apr-17,$49.04,$49.14,$48.19,$48.72,"$31,343,800.00","$4,450,140,000.00"
15-Apr-17,$47.65,$49.57,$47.18,$49.10,"$66,207,800.00","$4,323,100,000.00"
14-Apr-17,$49.97,$50.05,$46.76,$47.57,"$91,674,400.00","$4,531,810,000.00"
13-Apr-17,$46.31,$50.91,$46.31,$50.22,"$157,200,000.00","$4,198,420,000.00"
12-Apr-17,$43.46,$47.23,$43.11,$46.29,"$88,045,700.00","$3,938,930,000.00"
11-Apr-17,$43.50,$44.25,$43.30,$43.41,"$38,303,300.00","$3,941,100,000.00"
10-Apr-17,$43.28,$44.14,$42.42,$43.44,"$44,061,500.00","$3,919,520,000.00"
9-Apr-17,$44.28,$44.49,$42.89,$43.27,"$55,143,000.00","$4,009,010,000.00"
8-Apr-17,$41.80,$45.21,$41.73,$44.31,"$74,138,800.00","$3,783,000,000.00"
7-Apr-17,$42.87,$44.04,$41.65,$42.16,"$81,474,700.00","$3,878,210,000.00"
6-Apr-17,$45.22,$45.64,$40.90,$43.24,"$147,120,000.00","$4,089,930,000.00"
5-Apr-17,$44.66,$47.84,$44.54,$45.30,"$119,733,000.00","$4,037,940,000.00"
4-Apr-17,$43.92,$45.74,$41.72,$44.64,"$157,568,000.00","$3,969,730,000.00"
3-Apr-17,$48.82,$48.82,$43.41,$44.36,"$190,513,000.00","$4,411,030,000.00"
2-Apr-17,$50.74,$51.27,$45.43,$48.75,"$134,604,000.00","$4,582,700,000.00"
1-Apr-17,$50.03,$51.93,$48.88,$50.70,"$92,461,900.00","$4,517,510,000.00"
31-Mar-17,$51.75,$51.77,$47.38,$50.04,"$151,416,000.00","$4,671,190,000.00"
30-Mar-17,$53.12,$53.31,$51.87,$52.21,"$86,885,700.00","$4,793,280,000.00"
29-Mar-17,$50.57,$53.87,$50.55,$53.13,"$144,998,000.00","$4,561,150,000.00"
28-Mar-17,$49.71,$50.96,$49.15,$50.77,"$97,745,300.00","$4,482,160,000.00"
27-Mar-17,$51.31,$52.46,$48.93,$49.67,"$118,978,000.00","$4,624,990,000.00"
26-Mar-17,$50.77,$51.80,$49.28,$50.52,"$106,859,000.00","$4,574,540,000.00"
25-Mar-17,$53.58,$53.58,$48.31,$51.25,"$223,059,000.00","$4,825,700,000.00"
24-Mar-17,$43.64,$54.14,$43.21,$53.11,"$297,046,000.00","$3,929,230,000.00"
23-Mar-17,$42.57,$44.75,$41.30,$43.68,"$100,724,000.00","$3,831,310,000.00"
22-Mar-17,$43.12,$43.52,$39.69,$42.34,"$113,952,000.00","$3,880,120,000.00"
21-Mar-17,$43.51,$44.26,$42.37,$43.15,"$91,265,400.00","$3,913,620,000.00"
20-Mar-17,$44.83,$46.23,$42.44,$43.39,"$154,701,000.00","$4,031,270,000.00"
19-Mar-17,$35.53,$47.00,$35.34,$44.74,"$239,430,000.00","$3,193,600,000.00"
18-Mar-17,$46.87,$46.87,$31.70,$34.16,"$262,180,000.00","$4,211,830,000.00"
17-Mar-17,$45.93,$55.11,$38.21,$46.83,"$497,534,000.00","$4,125,480,000.00"
16-Mar-17,$35.36,$47.17,$35.36,$46.35,"$454,418,000.00","$3,174,750,000.00"
15-Mar-17,$28.65,$35.06,$28.43,$35.06,"$170,344,000.00","$2,571,160,000.00"
14-Mar-17,$28.57,$29.93,$27.32,$28.65,"$101,797,000.00","$2,563,700,000.00"
13-Mar-17,$23.50,$30.60,$23.50,$28.59,"$255,488,000.00","$2,108,300,000.00"
12-Mar-17,$21.46,$23.44,$21.38,$23.44,"$74,628,900.00","$1,924,660,000.00"
11-Mar-17,$19.37,$21.59,$19.01,$21.47,"$69,150,100.00","$1,736,630,000.00"
10-Mar-17,$17.74,$19.66,$17.68,$19.33,"$87,506,800.00","$1,589,640,000.00"
9-Mar-17,$16.64,$17.87,$16.37,$17.75,"$31,418,400.00","$1,490,500,000.00"
8-Mar-17,$18.88,$18.88,$16.65,$16.65,"$44,304,600.00","$1,690,760,000.00"
7-Mar-17,$19.58,$19.63,$18.64,$18.89,"$37,972,200.00","$1,752,530,000.00"
6-Mar-17,$19.28,$20.10,$19.11,$19.61,"$32,432,700.00","$1,725,360,000.00"
5-Mar-17,$18.50,$19.42,$18.23,$19.30,"$26,816,300.00","$1,655,030,000.00"
4-Mar-17,$19.52,$20.05,$18.62,$18.62,"$27,341,900.00","$1,745,140,000.00"
3-Mar-17,$19.04,$20.67,$18.41,$19.46,"$95,863,400.00","$1,702,140,000.00"
2-Mar-17,$17.36,$19.35,$16.95,$19.03,"$83,627,100.00","$1,550,750,000.00"
1-Mar-17,$15.85,$17.37,$15.56,$17.35,"$44,927,500.00","$1,415,510,000.00"
28-Feb-17,$15.45,$16.06,$15.12,$15.82,"$65,478,900.00","$1,379,600,000.00"
27-Feb-17,$14.51,$15.68,$14.27,$15.40,"$31,667,000.00","$1,294,770,000.00"
26-Feb-17,$13.52,$14.54,$13.40,$14.52,"$20,307,500.00","$1,206,150,000.00"
25-Feb-17,$13.06,$13.72,$12.98,$13.55,"$18,533,900.00","$1,165,230,000.00"
24-Feb-17,$13.13,$13.23,$12.88,$13.07,"$19,574,400.00","$1,171,110,000.00"
23-Feb-17,$12.60,$13.21,$12.56,$13.12,"$14,522,300.00","$1,122,910,000.00"
22-Feb-17,$12.69,$12.76,$12.55,$12.60,"$10,360,900.00","$1,130,460,000.00"
21-Feb-17,$12.34,$12.77,$12.21,$12.67,"$15,183,300.00","$1,099,330,000.00"
20-Feb-17,$12.77,$12.90,$12.43,$12.43,"$12,994,400.00","$1,136,610,000.00"
19-Feb-17,$12.82,$12.87,$12.71,$12.76,"$7,799,740.00","$1,140,870,000.00"
18-Feb-17,$12.71,$12.83,$12.68,$12.81,"$9,370,010.00","$1,130,750,000.00"
17-Feb-17,$12.90,$12.91,$12.66,$12.68,"$11,636,500.00","$1,147,260,000.00"
16-Feb-17,$12.92,$12.92,$12.54,$12.90,"$38,002,600.00","$1,148,860,000.00"
15-Feb-17,$13.04,$13.04,$12.64,$12.92,"$18,464,700.00","$1,159,000,000.00"
14-Feb-17,$11.29,$13.33,$11.29,$13.03,"$42,911,500.00","$1,002,810,000.00"
13-Feb-17,$11.38,$11.39,$11.17,$11.27,"$7,216,520.00","$1,011,080,000.00"
12-Feb-17,$11.35,$11.40,$11.30,$11.40,"$6,264,900.00","$1,008,030,000.00"
11-Feb-17,$11.29,$11.43,$11.24,$11.35,"$7,544,520.00","$1,002,130,000.00"
10-Feb-17,$11.04,$11.34,$10.78,$11.28,"$11,914,200.00","$979,961,000.00"
9-Feb-17,$11.44,$11.60,$10.67,$11.03,"$18,400,300.00","$1,014,280,000.00"
8-Feb-17,$11.54,$11.63,$11.24,$11.43,"$9,688,630.00","$1,023,170,000.00"
7-Feb-17,$11.43,$11.61,$11.41,$11.52,"$7,629,640.00","$1,012,620,000.00"
6-Feb-17,$11.35,$11.48,$11.34,$11.39,"$5,695,440.00","$1,005,930,000.00"
5-Feb-17,$11.44,$11.49,$11.32,$11.35,"$5,942,960.00","$1,013,400,000.00"
4-Feb-17,$11.13,$11.50,$11.13,$11.43,"$14,139,500.00","$985,277,000.00"
3-Feb-17,$10.81,$11.11,$10.76,$11.11,"$12,897,800.00","$956,944,000.00"
2-Feb-17,$10.74,$10.89,$10.55,$10.82,"$10,172,500.00","$949,793,000.00"
1-Feb-17,$10.74,$10.85,$10.56,$10.73,"$12,852,200.00","$949,969,000.00"
31-Jan-17,$10.56,$10.75,$10.54,$10.73,"$11,648,700.00","$933,975,000.00"
30-Jan-17,$10.49,$10.71,$10.47,$10.57,"$8,042,180.00","$927,415,000.00"
29-Jan-17,$10.56,$10.57,$10.45,$10.48,"$4,689,950.00","$933,087,000.00"
28-Jan-17,$10.54,$10.58,$10.43,$10.56,"$6,580,700.00","$930,688,000.00"
27-Jan-17,$10.58,$10.61,$10.44,$10.54,"$7,189,170.00","$934,404,000.00"
26-Jan-17,$10.57,$10.67,$10.51,$10.59,"$8,465,020.00","$932,575,000.00"
25-Jan-17,$10.62,$10.62,$10.48,$10.57,"$6,751,450.00","$936,769,000.00"
24-Jan-17,$10.73,$10.77,$10.57,$10.63,"$8,327,330.00","$946,083,000.00"
23-Jan-17,$10.71,$10.84,$10.67,$10.82,"$7,267,210.00","$944,159,000.00"
22-Jan-17,$10.91,$10.97,$10.58,$10.70,"$8,678,620.00","$961,463,000.00"
21-Jan-17,$10.60,$10.98,$10.58,$10.91,"$11,937,600.00","$933,405,000.00"
20-Jan-17,$10.39,$10.76,$10.35,$10.60,"$10,992,800.00","$914,696,000.00"
19-Jan-17,$10.24,$10.44,$10.18,$10.40,"$8,347,550.00","$901,484,000.00"
18-Jan-17,$10.30,$10.52,$9.94,$10.23,"$10,788,200.00","$906,079,000.00"
17-Jan-17,$9.64,$10.61,$9.54,$10.30,"$18,391,900.00","$847,981,000.00"
16-Jan-17,$9.88,$9.93,$9.58,$9.64,"$14,937,400.00","$869,126,000.00"
15-Jan-17,$9.83,$10.00,$9.60,$9.90,"$14,837,900.00","$864,037,000.00"
14-Jan-17,$9.79,$9.89,$9.44,$9.65,"$20,085,800.00","$859,971,000.00"
13-Jan-17,$9.83,$9.85,$9.51,$9.77,"$25,066,600.00","$863,241,000.00"
12-Jan-17,$9.72,$10.08,$9.18,$9.86,"$30,453,800.00","$853,638,000.00"
11-Jan-17,$10.54,$10.66,$9.46,$9.72,"$26,823,500.00","$925,320,000.00"
10-Jan-17,$10.37,$10.69,$10.29,$10.55,"$10,879,700.00","$909,897,000.00"
9-Jan-17,$10.31,$10.78,$10.14,$10.33,"$25,718,300.00","$904,682,000.00"
8-Jan-17,$9.87,$10.39,$9.83,$10.29,"$16,676,600.00","$865,667,000.00"
7-Jan-17,$10.24,$10.28,$9.59,$9.87,"$23,153,600.00","$897,636,000.00"
6-Jan-17,$10.29,$10.63,$9.63,$10.25,"$29,471,800.00","$901,249,000.00"
5-Jan-17,$11.29,$11.89,$9.40,$10.25,"$41,557,400.00","$988,599,000.00"
4-Jan-17,$9.71,$11.28,$9.56,$11.25,"$41,051,200.00","$850,115,000.00"
3-Jan-17,$8.37,$10.00,$8.32,$9.73,"$33,625,200.00","$732,988,000.00"
2-Jan-17,$8.17,$8.44,$8.05,$8.38,"$14,579,600.00","$714,900,000.00"
1-Jan-17,$7.98,$8.47,$7.98,$8.17,"$14,731,700.00","$698,149,000.00"
31-Dec-16,$8.15,$8.16,$7.91,$7.97,"$9,066,800.00","$712,662,000.00"
30-Dec-16,$8.29,$8.47,$8.05,$8.16,"$13,909,900.00","$724,528,000.00"
29-Dec-16,$7.54,$8.53,$7.54,$8.28,"$27,543,800.00","$658,674,000.00"
28-Dec-16,$7.15,$7.62,$7.08,$7.52,"$17,453,300.00","$624,359,000.00"
27-Dec-16,$7.28,$7.32,$7.09,$7.17,"$8,778,610.00","$635,260,000.00"
26-Dec-16,$7.13,$7.33,$7.05,$7.27,"$5,836,810.00","$622,439,000.00"
25-Dec-16,$7.26,$7.34,$7.14,$7.18,"$8,671,840.00","$633,792,000.00"
24-Dec-16,$7.15,$7.41,$7.15,$7.27,"$7,626,020.00","$623,759,000.00"
23-Dec-16,$7.58,$7.69,$7.16,$7.17,"$19,613,100.00","$660,546,000.00"
22-Dec-16,$7.90,$7.91,$7.50,$7.58,"$16,376,700.00","$688,380,000.00"
21-Dec-16,$7.66,$7.94,$7.66,$7.91,"$9,393,550.00","$667,625,000.00"
20-Dec-16,$7.63,$7.75,$7.57,$7.66,"$6,313,550.00","$664,772,000.00"
19-Dec-16,$7.87,$7.87,$7.63,$7.64,"$5,894,760.00","$685,054,000.00"
18-Dec-16,$7.86,$7.93,$7.72,$7.87,"$5,890,020.00","$684,028,000.00"
17-Dec-16,$7.86,$7.90,$7.52,$7.88,"$8,502,620.00","$683,357,000.00"
16-Dec-16,$7.86,$7.93,$7.80,$7.86,"$5,178,610.00","$683,399,000.00"
15-Dec-16,$8.24,$8.24,$7.72,$7.83,"$13,184,400.00","$715,861,000.00"
14-Dec-16,$8.45,$8.52,$8.25,$8.27,"$7,337,220.00","$734,382,000.00"
13-Dec-16,$8.52,$8.53,$8.35,$8.42,"$4,486,190.00","$740,099,000.00"
12-Dec-16,$8.19,$8.61,$8.17,$8.52,"$9,119,700.00","$711,348,000.00"
11-Dec-16,$8.13,$8.27,$8.10,$8.19,"$5,545,500.00","$705,363,000.00"
10-Dec-16,$8.44,$8.53,$8.02,$8.13,"$8,108,370.00","$732,173,000.00"
9-Dec-16,$8.17,$8.67,$8.05,$8.45,"$12,916,300.00","$708,468,000.00"
8-Dec-16,$8.38,$8.86,$8.23,$8.23,"$16,042,700.00","$726,878,000.00"
7-Dec-16,$7.89,$8.54,$7.33,$8.38,"$22,229,600.00","$684,258,000.00"
6-Dec-16,$6.80,$7.92,$5.98,$7.87,"$50,671,200.00","$589,548,000.00"
5-Dec-16,$7.41,$7.64,$6.66,$6.82,"$17,344,500.00","$641,820,000.00"
4-Dec-16,$7.90,$7.95,$7.44,$7.44,"$8,450,790.00","$684,258,000.00"
3-Dec-16,$7.77,$8.15,$7.67,$7.92,"$12,112,100.00","$672,138,000.00"
2-Dec-16,$8.46,$8.46,$7.42,$7.76,"$18,579,800.00","$731,520,000.00"
1-Dec-16,$8.60,$8.65,$8.36,$8.45,"$5,882,340.00","$743,882,000.00"
30-Nov-16,$8.16,$8.75,$8.16,$8.59,"$10,626,600.00","$705,040,000.00"
29-Nov-16,$8.73,$8.74,$7.88,$8.17,"$17,000,400.00","$754,307,000.00"
28-Nov-16,$9.00,$9.01,$8.72,$8.72,"$6,046,890.00","$777,311,000.00"
27-Nov-16,$9.31,$9.33,$8.78,$9.00,"$8,707,660.00","$804,085,000.00"
26-Nov-16,$9.42,$9.50,$9.31,$9.33,"$3,505,990.00","$812,795,000.00"
25-Nov-16,$9.23,$9.75,$9.21,$9.40,"$7,669,720.00","$796,268,000.00"
24-Nov-16,$9.85,$9.85,$8.93,$9.23,"$15,987,800.00","$849,229,000.00"
23-Nov-16,$9.92,$9.96,$9.76,$9.84,"$4,812,310.00","$855,265,000.00"
22-Nov-16,$9.63,$10.24,$9.59,$9.91,"$11,284,400.00","$829,616,000.00"
21-Nov-16,$9.58,$9.64,$9.54,$9.62,"$3,663,210.00","$825,381,000.00"
20-Nov-16,$9.66,$9.71,$9.52,$9.58,"$5,173,420.00","$832,050,000.00"
19-Nov-16,$9.48,$9.75,$9.48,$9.66,"$5,186,540.00","$816,380,000.00"
18-Nov-16,$9.99,$10.01,$9.48,$9.48,"$10,816,100.00","$859,571,000.00"
17-Nov-16,$10.06,$10.19,$9.92,$9.99,"$6,984,700.00","$865,393,000.00"
16-Nov-16,$10.22,$10.33,$9.93,$10.06,"$9,533,550.00","$878,610,000.00"
15-Nov-16,$9.97,$10.32,$9.85,$10.22,"$6,557,550.00","$857,223,000.00"
14-Nov-16,$10.10,$10.16,$9.96,$9.97,"$3,573,250.00","$867,755,000.00"
13-Nov-16,$9.89,$10.41,$9.84,$10.10,"$8,227,770.00","$849,342,000.00"
12-Nov-16,$10.29,$10.34,$9.70,$9.88,"$10,052,500.00","$883,780,000.00"
11-Nov-16,$10.51,$10.57,$10.26,$10.29,"$6,056,300.00","$902,479,000.00"
10-Nov-16,$10.67,$10.68,$10.51,$10.52,"$4,253,980.00","$915,940,000.00"
9-Nov-16,$10.82,$10.83,$10.22,$10.66,"$14,606,600.00","$928,063,000.00"
8-Nov-16,$10.85,$10.92,$10.74,$10.83,"$6,258,150.00","$930,345,000.00"
7-Nov-16,$10.90,$10.96,$10.78,$10.81,"$5,992,480.00","$934,536,000.00"
6-Nov-16,$10.99,$11.25,$10.85,$10.87,"$5,688,710.00","$941,729,000.00"
5-Nov-16,$11.09,$11.24,$10.88,$11.00,"$5,502,670.00","$950,213,000.00"
4-Nov-16,$10.82,$11.12,$10.82,$11.09,"$9,958,040.00","$926,129,000.00"
3-Nov-16,$10.80,$11.11,$10.76,$10.80,"$15,228,600.00","$924,097,000.00"
2-Nov-16,$10.77,$11.16,$10.69,$10.75,"$11,691,700.00","$921,691,000.00"
1-Nov-16,$10.96,$11.18,$10.30,$10.77,"$22,901,300.00","$937,123,000.00"
31-Oct-16,$11.23,$11.50,$10.94,$11.00,"$13,393,900.00","$960,008,000.00"
30-Oct-16,$10.43,$11.45,$10.29,$11.18,"$16,694,900.00","$891,164,000.00"
29-Oct-16,$11.10,$11.20,$9.56,$10.44,"$27,070,400.00","$948,271,000.00"
28-Oct-16,$11.47,$11.58,$10.95,$11.09,"$13,971,500.00","$979,916,000.00"
27-Oct-16,$11.53,$11.61,$11.26,$11.50,"$13,255,400.00","$984,361,000.00"
26-Oct-16,$11.38,$11.66,$11.38,$11.53,"$10,221,800.00","$971,440,000.00"
25-Oct-16,$11.97,$11.99,$11.15,$11.41,"$19,316,000.00","$1,020,850,000.00"
24-Oct-16,$12.04,$12.10,$11.91,$11.97,"$5,739,690.00","$1,026,400,000.00"
23-Oct-16,$12.13,$12.14,$11.94,$12.04,"$5,774,660.00","$1,033,970,000.00"
22-Oct-16,$12.18,$12.19,$11.95,$12.07,"$7,583,820.00","$1,037,850,000.00"
21-Oct-16,$12.13,$12.21,$12.02,$12.18,"$5,676,920.00","$1,033,140,000.00"
20-Oct-16,$12.05,$12.29,$12.00,$12.10,"$8,170,760.00","$1,025,620,000.00"
19-Oct-16,$12.59,$12.62,$11.91,$12.02,"$10,576,200.00","$1,071,710,000.00"
18-Oct-16,$12.00,$12.93,$12.00,$12.59,"$18,864,200.00","$1,020,530,000.00"
17-Oct-16,$11.96,$12.03,$11.86,$12.01,"$5,724,440.00","$1,016,710,000.00"
16-Oct-16,$11.98,$12.01,$11.93,$11.95,"$3,617,280.00","$1,018,540,000.00"
15-Oct-16,$11.94,$12.00,$11.78,$11.98,"$4,991,840.00","$1,014,280,000.00"
14-Oct-16,$11.99,$12.07,$11.90,$11.94,"$4,333,510.00","$1,018,390,000.00"
13-Oct-16,$11.91,$12.13,$11.78,$11.96,"$8,665,190.00","$1,011,190,000.00"
12-Oct-16,$11.78,$12.07,$11.71,$11.93,"$9,694,640.00","$1,000,220,000.00"
11-Oct-16,$11.76,$12.16,$11.75,$11.79,"$11,727,700.00","$997,949,000.00"
10-Oct-16,$12.06,$12.06,$11.62,$11.76,"$10,809,200.00","$1,022,860,000.00"
9-Oct-16,$12.22,$12.36,$11.98,$12.05,"$7,208,480.00","$1,035,590,000.00"
8-Oct-16,$12.67,$12.69,$12.05,$12.22,"$11,611,200.00","$1,073,990,000.00"
7-Oct-16,$12.85,$12.99,$12.53,$12.67,"$8,933,050.00","$1,088,570,000.00"
6-Oct-16,$13.03,$13.14,$12.69,$12.85,"$12,044,800.00","$1,102,940,000.00"
5-Oct-16,$13.28,$13.35,$13.04,$13.04,"$9,881,370.00","$1,124,270,000.00"
4-Oct-16,$13.45,$13.53,$13.21,$13.28,"$8,348,280.00","$1,137,980,000.00"
3-Oct-16,$13.20,$13.49,$13.19,$13.45,"$7,458,320.00","$1,116,600,000.00"
2-Oct-16,$13.18,$13.30,$13.14,$13.20,"$4,079,660.00","$1,114,200,000.00"
1-Oct-16,$13.20,$13.31,$13.05,$13.17,"$6,331,160.00","$1,115,690,000.00"
30-Sep-16,$13.08,$13.34,$13.02,$13.22,"$5,950,840.00","$1,104,530,000.00"
29-Sep-16,$13.28,$13.34,$13.07,$13.07,"$5,990,630.00","$1,121,060,000.00"
28-Sep-16,$13.11,$13.48,$13.08,$13.27,"$10,239,000.00","$1,106,330,000.00"
27-Sep-16,$12.86,$13.21,$12.86,$13.10,"$6,831,070.00","$1,085,330,000.00"
26-Sep-16,$13.17,$13.17,$12.74,$12.82,"$7,213,070.00","$1,110,700,000.00"
25-Sep-16,$12.85,$13.11,$12.80,$13.10,"$5,283,440.00","$1,083,510,000.00"
24-Sep-16,$13.32,$13.34,$12.68,$12.88,"$9,824,880.00","$1,122,670,000.00"
23-Sep-16,$13.21,$13.45,$13.10,$13.33,"$9,166,430.00","$1,112,590,000.00"
22-Sep-16,$13.66,$13.66,$12.48,$13.25,"$27,382,800.00","$1,150,650,000.00"
21-Sep-16,$14.43,$14.43,$13.17,$13.77,"$28,645,000.00","$1,214,950,000.00"
20-Sep-16,$13.21,$14.43,$13.12,$14.43,"$31,929,100.00","$1,111,810,000.00"
19-Sep-16,$12.44,$13.19,$12.42,$13.19,"$13,838,800.00","$1,045,870,000.00"
18-Sep-16,$12.69,$12.99,$12.16,$12.43,"$22,433,300.00","$1,066,620,000.00"
17-Sep-16,$12.56,$12.76,$12.44,$12.70,"$7,446,610.00","$1,055,440,000.00"
16-Sep-16,$11.96,$12.75,$11.90,$12.56,"$17,421,500.00","$1,004,740,000.00"
15-Sep-16,$11.94,$12.14,$11.92,$11.94,"$7,309,090.00","$1,002,970,000.00"
14-Sep-16,$11.90,$12.00,$11.86,$11.92,"$5,694,820.00","$999,352,000.00"
13-Sep-16,$11.89,$12.09,$11.88,$11.92,"$11,704,300.00","$997,638,000.00"
12-Sep-16,$11.64,$11.95,$11.61,$11.89,"$7,478,080.00","$976,645,000.00"
11-Sep-16,$12.21,$12.21,$11.59,$11.64,"$8,791,180.00","$1,023,640,000.00"
10-Sep-16,$11.66,$12.22,$11.54,$12.17,"$7,220,300.00","$977,515,000.00"
9-Sep-16,$11.41,$11.68,$11.39,$11.65,"$6,109,200.00","$956,210,000.00"
8-Sep-16,$11.55,$11.70,$11.25,$11.35,"$11,535,000.00","$967,010,000.00"
7-Sep-16,$11.69,$11.73,$11.52,$11.55,"$6,115,050.00","$979,087,000.00"
6-Sep-16,$11.73,$11.73,$11.47,$11.69,"$6,346,330.00","$981,303,000.00"
5-Sep-16,$11.68,$11.81,$11.59,$11.72,"$5,724,100.00","$977,169,000.00"
4-Sep-16,$11.75,$11.79,$11.47,$11.68,"$7,220,550.00","$982,952,000.00"
3-Sep-16,$12.11,$12.36,$11.35,$11.76,"$13,358,800.00","$1,012,580,000.00"
2-Sep-16,$11.96,$12.31,$11.88,$12.11,"$9,368,300.00","$999,757,000.00"
1-Sep-16,$11.67,$12.58,$11.65,$11.99,"$24,051,500.00","$974,844,000.00"
31-Aug-16,$11.24,$11.68,$11.18,$11.67,"$11,073,700.00","$938,406,000.00"
30-Aug-16,$10.99,$11.30,$10.96,$11.23,"$7,221,260.00","$917,474,000.00"
29-Aug-16,$10.92,$11.15,$10.79,$10.98,"$8,130,540.00","$910,698,000.00"
28-Aug-16,$11.15,$11.15,$10.92,$10.93,"$5,303,040.00","$929,690,000.00"
27-Aug-16,$11.29,$11.29,$11.14,$11.15,"$15,108,400.00","$941,585,000.00"
26-Aug-16,$11.35,$11.45,$11.21,$11.30,"$5,857,850.00","$946,092,000.00"
25-Aug-16,$11.03,$11.39,$11.02,$11.36,"$8,552,380.00","$918,977,000.00"
24-Aug-16,$11.02,$11.15,$11.01,$11.04,"$4,423,420.00","$918,039,000.00"
23-Aug-16,$11.14,$11.23,$10.90,$11.03,"$6,489,380.00","$927,065,000.00"
22-Aug-16,$11.19,$11.34,$11.07,$11.12,"$6,588,920.00","$930,708,000.00"
21-Aug-16,$11.25,$11.25,$10.99,$11.18,"$4,355,660.00","$936,015,000.00"
20-Aug-16,$10.75,$11.30,$10.75,$11.25,"$7,443,540.00","$893,814,000.00"
19-Aug-16,$10.75,$10.80,$10.73,$10.75,"$5,390,850.00","$893,156,000.00"
18-Aug-16,$10.75,$11.01,$10.74,$10.76,"$6,935,800.00","$892,903,000.00"
17-Aug-16,$11.13,$11.15,$10.75,$10.75,"$8,833,760.00","$924,591,000.00"
16-Aug-16,$11.23,$11.24,$11.00,$11.14,"$7,051,510.00","$932,162,000.00"
15-Aug-16,$11.20,$11.31,$11.00,$11.22,"$7,500,840.00","$929,558,000.00"
14-Aug-16,$11.58,$11.69,$11.10,$11.19,"$8,680,160.00","$960,855,000.00"
13-Aug-16,$11.77,$11.79,$11.51,$11.57,"$7,539,490.00","$975,999,000.00"
12-Aug-16,$11.69,$12.04,$11.64,$11.78,"$13,690,100.00","$968,865,000.00"
11-Aug-16,$12.14,$12.27,$11.63,$11.69,"$17,505,000.00","$1,005,720,000.00"
10-Aug-16,$12.23,$12.46,$11.98,$12.14,"$28,096,300.00","$1,012,910,000.00"
9-Aug-16,$11.27,$12.45,$11.20,$12.24,"$36,656,600.00","$933,431,000.00"
8-Aug-16,$10.91,$11.33,$10.86,$11.25,"$14,956,700.00","$903,184,000.00"
7-Aug-16,$10.86,$11.09,$10.78,$10.91,"$16,551,000.00","$898,340,000.00"
6-Aug-16,$10.92,$10.94,$10.29,$10.88,"$16,712,600.00","$902,752,000.00"
5-Aug-16,$11.02,$11.18,$10.76,$10.93,"$15,487,900.00","$910,856,000.00"
4-Aug-16,$10.31,$11.29,$10.16,$11.04,"$38,151,400.00","$851,992,000.00"
3-Aug-16,$8.88,$10.42,$8.88,$10.29,"$53,979,400.00","$733,204,000.00"
2-Aug-16,$10.95,$11.14,$8.20,$8.79,"$88,803,300.00","$903,978,000.00"
1-Aug-16,$11.89,$12.01,$10.94,$10.94,"$23,999,500.00","$981,735,000.00"
31-Jul-16,$12.44,$12.51,$11.55,$11.88,"$25,441,400.00","$1,026,310,000.00"
30-Jul-16,$12.80,$12.80,$12.46,$12.46,"$9,047,810.00","$1,055,410,000.00"
29-Jul-16,$12.84,$12.87,$12.55,$12.79,"$14,082,300.00","$1,058,220,000.00"
28-Jul-16,$12.98,$12.99,$12.49,$12.84,"$24,603,900.00","$1,069,560,000.00"
27-Jul-16,$12.05,$13.31,$11.84,$12.97,"$58,278,800.00","$992,645,000.00"
26-Jul-16,$13.82,$13.85,$11.73,$11.99,"$94,428,800.00","$1,137,660,000.00"
25-Jul-16,$12.74,$13.86,$12.68,$13.84,"$36,673,800.00","$1,048,920,000.00"
24-Jul-16,$14.30,$14.44,$12.32,$12.75,"$77,750,800.00","$1,176,250,000.00"
23-Jul-16,$14.67,$14.90,$14.05,$14.30,"$32,489,700.00","$1,206,190,000.00"
22-Jul-16,$12.66,$14.81,$12.54,$14.66,"$74,779,500.00","$1,040,640,000.00"
21-Jul-16,$12.46,$12.71,$11.99,$12.65,"$24,636,900.00","$1,024,000,000.00"
20-Jul-16,$11.59,$12.99,$11.57,$12.45,"$60,226,100.00","$952,143,000.00"
19-Jul-16,$11.05,$12.01,$11.01,$11.62,"$21,730,000.00","$907,135,000.00"
18-Jul-16,$11.17,$11.61,$10.95,$11.03,"$15,931,900.00","$917,151,000.00"
17-Jul-16,$11.62,$11.67,$11.01,$11.16,"$17,921,600.00","$953,762,000.00"
16-Jul-16,$11.92,$11.94,$11.59,$11.65,"$10,445,700.00","$977,658,000.00"
15-Jul-16,$11.50,$12.43,$11.49,$11.95,"$26,838,900.00","$942,817,000.00"
14-Jul-16,$10.60,$11.68,$10.60,$11.51,"$23,621,900.00","$868,509,000.00"
13-Jul-16,$10.51,$10.59,$10.40,$10.50,"$6,715,660.00","$860,770,000.00"
12-Jul-16,$10.45,$10.76,$10.43,$10.52,"$11,127,700.00","$855,555,000.00"
11-Jul-16,$10.94,$11.01,$10.26,$10.46,"$13,098,000.00","$895,670,000.00"
10-Jul-16,$10.96,$11.01,$10.78,$10.95,"$5,479,240.00","$896,899,000.00"
9-Jul-16,$11.42,$11.46,$10.73,$10.97,"$17,254,800.00","$933,946,000.00"
8-Jul-16,$10.12,$11.52,$9.96,$11.39,"$20,039,800.00","$827,090,000.00"
7-Jul-16,$10.54,$10.57,$9.80,$10.11,"$15,407,200.00","$861,144,000.00"
6-Jul-16,$10.58,$11.11,$10.28,$10.53,"$18,137,300.00","$864,063,000.00"
5-Jul-16,$11.46,$11.52,$9.58,$10.61,"$45,526,900.00","$935,730,000.00"
4-Jul-16,$11.70,$11.88,$11.39,$11.47,"$12,943,500.00","$954,849,000.00"
3-Jul-16,$12.12,$12.15,$11.59,$11.72,"$10,588,700.00","$989,132,000.00"
2-Jul-16,$12.22,$12.22,$11.95,$12.13,"$8,987,070.00","$996,510,000.00"
1-Jul-16,$12.44,$12.49,$11.73,$12.20,"$17,236,500.00","$1,014,220,000.00"
30-Jun-16,$12.60,$12.74,$12.25,$12.46,"$15,801,300.00","$1,027,260,000.00"
29-Jun-16,$12.17,$13.04,$11.69,$12.61,"$26,982,800.00","$991,926,000.00"
28-Jun-16,$13.93,$13.98,$11.72,$12.18,"$43,436,600.00","$1,134,340,000.00"
27-Jun-16,$13.81,$14.12,$13.75,$13.88,"$10,994,700.00","$1,124,170,000.00"
26-Jun-16,$14.26,$14.37,$13.66,$13.85,"$14,747,600.00","$1,160,590,000.00"
25-Jun-16,$14.30,$14.58,$14.02,$14.28,"$15,383,100.00","$1,163,530,000.00"
24-Jun-16,$13.68,$14.57,$13.22,$14.33,"$33,332,900.00","$1,112,590,000.00"
23-Jun-16,$13.22,$13.79,$12.56,$13.68,"$30,806,400.00","$1,074,240,000.00"
22-Jun-16,$13.20,$15.79,$13.10,$13.10,"$96,994,100.00","$1,072,510,000.00"
21-Jun-16,$11.82,$13.42,$11.29,$13.31,"$69,245,600.00","$960,014,000.00"
20-Jun-16,$12.24,$12.45,$10.52,$11.84,"$58,143,600.00","$993,503,000.00"
19-Jun-16,$11.17,$13.18,$10.64,$12.23,"$69,783,600.00","$906,292,000.00"
18-Jun-16,$15.38,$15.38,$9.96,$11.33,"$133,937,000.00","$1,247,530,000.00"
17-Jun-16,$20.65,$21.52,$13.57,$15.38,"$199,408,000.00","$1,674,540,000.00"
16-Jun-16,$18.36,$20.83,$18.36,$20.59,"$38,531,000.00","$1,488,420,000.00"
15-Jun-16,$18.91,$18.91,$17.71,$18.35,"$19,393,400.00","$1,531,790,000.00"
14-Jun-16,$17.61,$19.27,$17.30,$18.89,"$64,412,200.00","$1,426,500,000.00"
13-Jun-16,$15.77,$17.64,$15.72,$17.60,"$38,023,400.00","$1,276,930,000.00"
12-Jun-16,$14.19,$15.90,$14.19,$15.74,"$38,210,300.00","$1,148,070,000.00"
11-Jun-16,$13.91,$14.19,$13.72,$14.19,"$12,176,500.00","$1,125,180,000.00"
10-Jun-16,$14.38,$14.43,$13.82,$13.91,"$11,312,900.00","$1,162,500,000.00"
9-Jun-16,$14.43,$14.57,$14.34,$14.40,"$8,256,830.00","$1,166,450,000.00"
8-Jun-16,$14.51,$14.78,$14.28,$14.42,"$16,941,800.00","$1,172,230,000.00"
7-Jun-16,$13.95,$14.51,$13.81,$14.51,"$21,421,600.00","$1,126,330,000.00"
6-Jun-16,$14.00,$14.06,$13.73,$13.93,"$8,720,400.00","$1,130,350,000.00"
5-Jun-16,$13.76,$14.07,$13.57,$13.97,"$11,088,400.00","$1,110,690,000.00"
4-Jun-16,$13.86,$13.95,$13.42,$13.74,"$15,792,400.00","$1,118,460,000.00"
3-Jun-16,$13.74,$13.87,$13.25,$13.85,"$22,981,500.00","$1,108,220,000.00"
2-Jun-16,$13.99,$14.05,$13.63,$13.74,"$10,477,200.00","$1,127,830,000.00"
1-Jun-16,$14.11,$14.32,$13.44,$14.00,"$22,471,300.00","$1,136,900,000.00"
31-May-16,$12.74,$14.27,$12.64,$14.08,"$42,433,400.00","$1,026,410,000.00"
30-May-16,$12.33,$12.88,$12.27,$12.73,"$14,733,800.00","$992,329,000.00"
29-May-16,$12.11,$12.69,$11.78,$12.35,"$28,598,400.00","$974,784,000.00"
28-May-16,$11.33,$12.36,$10.37,$11.89,"$47,274,800.00","$911,724,000.00"
27-May-16,$12.39,$12.39,$10.50,$11.30,"$57,496,400.00","$996,293,000.00"
26-May-16,$12.52,$12.99,$12.06,$12.43,"$20,764,000.00","$1,006,080,000.00"
25-May-16,$12.79,$12.90,$11.77,$12.53,"$27,444,700.00","$1,027,940,000.00"
24-May-16,$13.31,$13.77,$12.01,$12.73,"$41,560,600.00","$1,068,670,000.00"
23-May-16,$14.28,$14.49,$13.19,$13.46,"$23,842,800.00","$1,146,470,000.00"
22-May-16,$14.04,$14.35,$13.77,$14.29,"$17,938,900.00","$1,126,810,000.00"
21-May-16,$13.69,$14.05,$13.12,$14.02,"$24,648,400.00","$1,098,220,000.00"
20-May-16,$14.85,$15.05,$13.38,$13.64,"$50,544,100.00","$1,191,080,000.00"
19-May-16,$13.54,$14.87,$13.34,$14.77,"$53,757,500.00","$1,085,570,000.00"
18-May-16,$12.18,$14.26,$12.18,$13.56,"$65,389,900.00","$975,878,000.00"
17-May-16,$11.19,$12.49,$11.15,$12.20,"$37,198,700.00","$896,505,000.00"
16-May-16,$9.97,$11.44,$9.97,$11.17,"$29,079,900.00","$798,116,000.00"
15-May-16,$10.24,$10.44,$9.93,$9.96,"$9,218,400.00","$819,399,000.00"
14-May-16,$10.51,$10.62,$9.81,$10.24,"$18,808,000.00","$840,395,000.00"
13-May-16,$10.06,$11.05,$10.02,$10.51,"$31,276,900.00","$804,647,000.00"
12-May-16,$10.00,$10.51,$9.86,$10.06,"$24,137,700.00","$798,952,000.00"
11-May-16,$9.43,$10.01,$9.39,$10.00,"$15,267,500.00","$753,600,000.00"
10-May-16,$9.28,$9.48,$9.26,$9.36,"$9,321,790.00","$741,417,000.00"
9-May-16,$9.49,$9.64,$9.20,$9.30,"$13,085,300.00","$758,000,000.00"
8-May-16,$9.37,$9.60,$8.93,$9.48,"$15,031,000.00","$748,030,000.00"
7-May-16,$9.32,$9.48,$9.21,$9.37,"$10,806,500.00","$743,166,000.00"
6-May-16,$9.81,$9.95,$9.04,$9.35,"$21,510,600.00","$782,261,000.00"
5-May-16,$9.40,$10.05,$9.29,$9.83,"$18,296,200.00","$749,038,000.00"
4-May-16,$9.38,$10.03,$9.27,$9.41,"$17,622,400.00","$747,638,000.00"
3-May-16,$10.17,$10.17,$9.28,$9.31,"$21,463,900.00","$809,644,000.00"
2-May-16,$8.89,$10.32,$8.85,$10.16,"$41,019,200.00","$708,137,000.00"
1-May-16,$8.78,$9.01,$8.43,$8.85,"$16,713,800.00","$698,377,000.00"
30-Apr-16,$7.45,$9.37,$7.45,$8.81,"$36,573,300.00","$592,992,000.00"
29-Apr-16,$7.21,$7.73,$7.17,$7.46,"$8,762,080.00","$573,124,000.00"
28-Apr-16,$7.74,$7.91,$7.17,$7.17,"$11,576,000.00","$615,316,000.00"
27-Apr-16,$7.39,$7.97,$7.32,$7.76,"$19,254,500.00","$587,076,000.00"
26-Apr-16,$7.53,$7.55,$7.06,$7.40,"$17,667,300.00","$597,819,000.00"
25-Apr-16,$8.01,$8.09,$7.24,$7.55,"$18,239,900.00","$635,784,000.00"
24-Apr-16,$8.29,$8.47,$7.96,$8.00,"$10,786,400.00","$658,203,000.00"
23-Apr-16,$7.79,$8.55,$7.74,$8.29,"$14,565,200.00","$618,147,000.00"
22-Apr-16,$8.15,$8.27,$7.67,$7.82,"$13,309,300.00","$646,298,000.00"
21-Apr-16,$8.45,$8.72,$7.96,$8.10,"$13,355,400.00","$670,104,000.00"
20-Apr-16,$8.69,$8.83,$8.31,$8.47,"$15,634,700.00","$688,434,000.00"
19-Apr-16,$9.08,$9.31,$8.60,$8.71,"$12,899,100.00","$718,825,000.00"
18-Apr-16,$9.33,$9.51,$8.50,$9.04,"$21,084,100.00","$738,916,000.00"
17-Apr-16,$8.62,$9.70,$8.56,$9.31,"$24,619,600.00","$682,467,000.00"
16-Apr-16,$8.24,$8.65,$8.11,$8.61,"$9,888,460.00","$651,554,000.00"
15-Apr-16,$8.39,$8.62,$8.10,$8.24,"$12,179,000.00","$663,169,000.00"
14-Apr-16,$8.08,$8.76,$8.02,$8.39,"$13,590,700.00","$638,330,000.00"
13-Apr-16,$7.44,$8.72,$7.07,$8.04,"$31,403,300.00","$587,994,000.00"
12-Apr-16,$8.64,$8.64,$7.15,$7.44,"$23,190,100.00","$682,395,000.00"
11-Apr-16,$8.94,$8.95,$8.00,$8.64,"$15,138,100.00","$706,074,000.00"
10-Apr-16,$9.15,$9.22,$7.46,$8.94,"$42,613,400.00","$722,133,000.00"
9-Apr-16,$9.69,$10.09,$9.07,$9.15,"$16,194,800.00","$764,797,000.00"
8-Apr-16,$10.08,$10.39,$9.66,$9.72,"$14,660,600.00","$794,705,000.00"
7-Apr-16,$10.70,$10.81,$9.95,$10.07,"$13,464,500.00","$843,091,000.00"
6-Apr-16,$10.45,$10.97,$10.28,$10.69,"$16,997,100.00","$823,420,000.00"
5-Apr-16,$11.21,$11.21,$10.13,$10.44,"$20,557,300.00","$883,170,000.00"
4-Apr-16,$11.62,$11.62,$11.02,$11.16,"$9,599,070.00","$914,560,000.00"
3-Apr-16,$11.63,$11.71,$11.51,$11.62,"$5,580,550.00","$915,175,000.00"
2-Apr-16,$11.63,$11.69,$11.40,$11.60,"$8,682,620.00","$914,995,000.00"
1-Apr-16,$11.40,$11.85,$11.40,$11.66,"$11,373,100.00","$896,537,000.00"
31-Mar-16,$11.92,$12.01,$11.32,$11.40,"$14,966,700.00","$936,992,000.00"
30-Mar-16,$11.61,$12.18,$11.47,$11.95,"$19,351,200.00","$911,902,000.00"
29-Mar-16,$11.75,$11.91,$11.35,$11.66,"$17,684,200.00","$923,114,000.00"
28-Mar-16,$10.43,$11.86,$10.41,$11.67,"$23,188,300.00","$819,007,000.00"
27-Mar-16,$10.99,$11.05,$10.11,$10.42,"$16,744,800.00","$862,211,000.00"
26-Mar-16,$10.77,$11.18,$10.59,$10.97,"$9,425,480.00","$844,742,000.00"
25-Mar-16,$11.26,$11.37,$10.53,$10.74,"$13,782,000.00","$883,012,000.00"
24-Mar-16,$12.44,$12.50,$10.80,$11.23,"$26,081,800.00","$975,295,000.00"
23-Mar-16,$11.33,$12.43,$11.24,$12.42,"$19,353,200.00","$887,595,000.00"
22-Mar-16,$11.88,$12.03,$11.18,$11.27,"$19,730,300.00","$929,610,000.00"
21-Mar-16,$10.30,$12.01,$10.16,$11.86,"$28,572,600.00","$805,997,000.00"
20-Mar-16,$10.52,$10.90,$9.57,$10.32,"$17,651,100.00","$822,297,000.00"
19-Mar-16,$11.20,$11.20,$9.78,$10.53,"$26,735,700.00","$875,689,000.00"
18-Mar-16,$11.11,$11.18,$8.52,$11.00,"$53,956,800.00","$867,949,000.00"
17-Mar-16,$12.56,$12.64,$10.44,$11.08,"$41,650,600.00","$977,389,000.00"
16-Mar-16,$13.02,$13.73,$12.50,$12.52,"$24,335,500.00","$1,013,020,000.00"
15-Mar-16,$13.00,$13.20,$12.05,$13.01,"$28,404,500.00","$1,011,090,000.00"
14-Mar-16,$14.51,$15.01,$11.58,$12.45,"$58,385,100.00","$1,128,180,000.00"
13-Mar-16,$13.51,$15.26,$13.47,$14.47,"$43,915,100.00","$1,049,930,000.00"
12-Mar-16,$11.13,$13.53,$11.09,$13.53,"$48,957,300.00","$864,733,000.00"
11-Mar-16,$11.22,$11.60,$10.39,$11.08,"$21,002,700.00","$871,511,000.00"
10-Mar-16,$11.88,$12.24,$10.99,$11.30,"$26,851,500.00","$922,452,000.00"
9-Mar-16,$9.79,$12.05,$9.67,$11.90,"$27,540,500.00","$760,017,000.00"
8-Mar-16,$9.58,$10.17,$8.82,$9.85,"$25,524,300.00","$743,456,000.00"
7-Mar-16,$11.43,$11.65,$9.31,$9.55,"$34,085,100.00","$886,447,000.00"
6-Mar-16,$11.20,$11.84,$9.99,$11.38,"$39,112,000.00","$868,736,000.00"
5-Mar-16,$10.37,$12.27,$9.97,$11.00,"$56,439,600.00","$803,827,000.00"
4-Mar-16,$9.24,$10.41,$8.48,$10.41,"$35,520,100.00","$716,027,000.00"
3-Mar-16,$8.44,$10.10,$8.33,$9.29,"$40,314,900.00","$653,959,000.00"
2-Mar-16,$7.63,$8.75,$7.37,$8.47,"$29,130,200.00","$591,078,000.00"
1-Mar-16,$6.32,$7.91,$6.31,$7.65,"$23,098,100.00","$489,188,000.00"
29-Feb-16,$6.46,$6.61,$6.05,$6.34,"$7,648,020.00","$499,587,000.00"
28-Feb-16,$6.41,$6.62,$6.24,$6.47,"$9,851,660.00","$495,545,000.00"
27-Feb-16,$5.96,$6.53,$5.92,$6.43,"$8,903,210.00","$461,169,000.00"
26-Feb-16,$6.04,$6.27,$5.74,$5.92,"$9,526,860.00","$466,797,000.00"
25-Feb-16,$6.19,$6.65,$5.55,$6.10,"$21,471,800.00","$478,149,000.00"
24-Feb-16,$5.60,$6.24,$5.51,$6.24,"$11,426,500.00","$432,977,000.00"
23-Feb-16,$5.68,$5.95,$5.39,$5.59,"$13,380,600.00","$439,084,000.00"
22-Feb-16,$4.66,$5.65,$4.64,$5.62,"$15,056,200.00","$360,185,000.00"
21-Feb-16,$4.36,$4.71,$4.23,$4.65,"$6,413,550.00","$336,572,000.00"
20-Feb-16,$4.68,$4.75,$4.13,$4.34,"$8,631,090.00","$361,281,000.00"
19-Feb-16,$4.38,$4.79,$4.27,$4.74,"$7,666,320.00","$338,222,000.00"
18-Feb-16,$3.77,$4.77,$3.42,$4.40,"$17,054,000.00","$291,068,000.00"
17-Feb-16,$4.29,$4.77,$3.50,$3.76,"$15,451,000.00","$330,635,000.00"
16-Feb-16,$5.33,$5.47,$4.03,$4.32,"$15,889,100.00","$410,605,000.00"
15-Feb-16,$5.33,$5.89,$5.02,$5.29,"$13,934,200.00","$410,643,000.00"
14-Feb-16,$5.40,$5.47,$4.45,$5.24,"$11,226,500.00","$416,193,000.00"
13-Feb-16,$5.69,$5.72,$4.19,$5.39,"$24,218,800.00","$437,667,000.00"
12-Feb-16,$5.95,$6.58,$5.07,$5.55,"$23,360,800.00","$457,618,000.00"
11-Feb-16,$4.50,$6.29,$4.34,$6.01,"$26,408,200.00","$345,964,000.00"
10-Feb-16,$4.00,$4.86,$3.78,$4.44,"$28,640,400.00","$307,684,000.00"
9-Feb-16,$3.17,$4.04,$3.17,$4.04,"$17,954,000.00","$244,110,000.00"
8-Feb-16,$2.97,$3.27,$2.88,$3.18,"$9,725,690.00","$228,504,000.00"
7-Feb-16,$2.54,$3.06,$2.54,$2.96,"$7,007,060.00","$194,884,000.00"
6-Feb-16,$2.53,$2.56,$2.47,$2.53,"$1,921,240.00","$194,621,000.00"
5-Feb-16,$2.57,$2.61,$2.47,$2.54,"$2,636,700.00","$197,363,000.00"
4-Feb-16,$2.53,$2.63,$2.44,$2.58,"$3,552,320.00","$194,126,000.00"
3-Feb-16,$2.43,$2.54,$2.34,$2.53,"$3,987,750.00","$186,609,000.00"
2-Feb-16,$2.22,$2.45,$2.16,$2.44,"$3,451,270.00","$169,923,000.00"
1-Feb-16,$2.32,$2.32,$2.12,$2.21,"$3,994,100.00","$177,881,000.00"
31-Jan-16,$2.44,$2.53,$2.19,$2.31,"$5,847,500.00","$187,289,000.00"
30-Jan-16,$2.51,$2.61,$2.40,$2.45,"$3,725,080.00","$192,176,000.00"
29-Jan-16,$2.54,$2.61,$2.30,$2.49,"$6,662,340.00","$194,815,000.00"
28-Jan-16,$2.41,$2.68,$2.34,$2.53,"$4,903,850.00","$184,294,000.00"
27-Jan-16,$2.25,$2.59,$2.19,$2.39,"$6,961,080.00","$172,061,000.00"
26-Jan-16,$2.53,$2.84,$1.99,$2.28,"$13,939,200.00","$193,838,000.00"
25-Jan-16,$2.15,$2.66,$2.06,$2.50,"$10,739,300.00","$164,313,000.00"
24-Jan-16,$1.90,$2.30,$1.90,$2.14,"$9,669,770.00","$145,358,000.00"
23-Jan-16,$1.50,$2.03,$1.50,$1.97,"$7,370,980.00","$115,002,000.00"
22-Jan-16,$1.55,$1.58,$1.47,$1.50,"$1,567,240.00","$118,244,000.00"
21-Jan-16,$1.53,$1.59,$1.49,$1.55,"$1,614,960.00","$117,111,000.00"
20-Jan-16,$1.36,$1.62,$1.35,$1.53,"$2,933,220.00","$104,124,000.00"
19-Jan-16,$1.42,$1.46,$1.31,$1.37,"$2,446,740.00","$108,628,000.00"
18-Jan-16,$1.33,$1.54,$1.32,$1.43,"$4,278,930.00","$101,699,000.00"
17-Jan-16,$1.22,$1.33,$1.21,$1.33,"$1,171,150.00","$93,207,300.00"
16-Jan-16,$1.22,$1.31,$1.17,$1.22,"$2,462,630.00","$93,099,400.00"
15-Jan-16,$1.18,$1.32,$1.14,$1.21,"$3,910,550.00","$90,321,700.00"
14-Jan-16,$1.12,$1.19,$1.10,$1.19,"$751,961.00","$85,539,300.00"
13-Jan-16,$1.14,$1.15,$1.08,$1.13,"$1,005,910.00","$86,530,000.00"
12-Jan-16,$1.07,$1.28,$1.05,$1.14,"$2,898,760.00","$81,217,300.00"
11-Jan-16,$1.00,$1.07,$1.00,$1.06,"$1,011,920.00","$76,096,500.00"
10-Jan-16,$0.99,$1.00,$0.98,$1.00,"$390,888.00","$75,031,200.00"
9-Jan-16,$0.99,$0.99,$0.97,$0.99,"$226,281.00","$75,001,800.00"
8-Jan-16,$0.94,$0.99,$0.94,$0.99,"$545,600.00","$71,724,000.00"
7-Jan-16,$0.96,$0.97,$0.94,$0.94,"$647,462.00","$72,692,900.00"
6-Jan-16,$0.95,$0.96,$0.94,$0.95,"$308,791.00","$72,229,700.00"
5-Jan-16,$0.95,$0.97,$0.95,$0.95,"$219,833.00","$72,442,400.00"
4-Jan-16,$0.97,$0.98,$0.93,$0.95,"$346,245.00","$73,853,900.00"
3-Jan-16,$0.94,$0.99,$0.93,$0.97,"$407,632.00","$71,275,900.00"
2-Jan-16,$0.95,$0.97,$0.94,$0.94,"$255,504.00","$71,933,100.00"
1-Jan-16,$0.93,$0.95,$0.93,$0.95,"$206,062.00","$70,870,900.00"
31-Dec-15,$0.91,$0.98,$0.91,$0.93,"$663,994.00","$69,207,400.00"
30-Dec-15,$0.87,$0.94,$0.87,$0.91,"$604,078.00","$66,314,200.00"
29-Dec-15,$0.84,$0.87,$0.83,$0.87,"$215,742.00","$63,985,600.00"
28-Dec-15,$0.86,$0.87,$0.83,$0.85,"$235,134.00","$64,913,200.00"
27-Dec-15,$0.85,$0.86,$0.84,$0.86,"$164,565.00","$64,650,000.00"
26-Dec-15,$0.87,$0.90,$0.84,$0.85,"$425,282.00","$65,961,900.00"
25-Dec-15,$0.86,$0.88,$0.86,$0.87,"$187,114.00","$65,275,400.00"
24-Dec-15,$0.86,$0.88,$0.85,$0.86,"$354,646.00","$65,060,000.00"
23-Dec-15,$0.86,$0.88,$0.86,$0.86,"$334,993.00","$65,215,800.00"
22-Dec-15,$0.89,$0.91,$0.86,$0.86,"$454,249.00","$67,704,600.00"
21-Dec-15,$0.91,$0.92,$0.89,$0.90,"$549,113.00","$68,521,200.00"
20-Dec-15,$0.91,$0.94,$0.90,$0.90,"$472,164.00","$68,663,100.00"
19-Dec-15,$0.92,$0.93,$0.89,$0.91,"$343,535.00","$69,644,200.00"
18-Dec-15,$0.94,$0.94,$0.91,$0.92,"$300,787.00","$70,890,600.00"
17-Dec-15,$0.99,$1.00,$0.91,$0.94,"$640,765.00","$74,999,300.00"
16-Dec-15,$1.02,$1.02,$0.97,$0.99,"$320,767.00","$76,791,600.00"
15-Dec-15,$0.99,$1.03,$0.98,$1.01,"$578,618.00","$74,764,100.00"
14-Dec-15,$0.96,$1.01,$0.95,$0.99,"$563,436.00","$72,176,400.00"
13-Dec-15,$0.97,$0.99,$0.94,$0.95,"$273,614.00","$73,276,400.00"
12-Dec-15,$0.93,$1.05,$0.93,$0.98,"$1,376,280.00","$70,210,000.00"
11-Dec-15,$0.84,$0.93,$0.82,$0.93,"$801,072.00","$63,312,400.00"
10-Dec-15,$0.80,$0.86,$0.79,$0.84,"$369,589.00","$59,945,000.00"
9-Dec-15,$0.82,$0.82,$0.77,$0.79,"$624,221.00","$62,098,400.00"
8-Dec-15,$0.81,$0.82,$0.78,$0.82,"$445,903.00","$60,690,400.00"
7-Dec-15,$0.84,$0.85,$0.79,$0.81,"$520,409.00","$62,950,900.00"
6-Dec-15,$0.87,$0.88,$0.83,$0.84,"$443,608.00","$65,194,900.00"
5-Dec-15,$0.84,$0.87,$0.82,$0.86,"$232,743.00","$63,276,000.00"
4-Dec-15,$0.81,$0.86,$0.80,$0.84,"$241,278.00","$61,065,700.00"
3-Dec-15,$0.82,$0.84,$0.79,$0.81,"$539,969.00","$61,530,500.00"
2-Dec-15,$0.87,$0.88,$0.82,$0.82,"$506,307.00","$65,615,700.00"
1-Dec-15,$0.88,$0.89,$0.85,$0.87,"$652,857.00","$65,980,000.00"
30-Nov-15,$0.88,$0.90,$0.85,$0.87,"$784,439.00","$66,080,400.00"
29-Nov-15,$0.91,$0.91,$0.86,$0.88,"$448,358.00","$68,625,100.00"
28-Nov-15,$0.87,$0.93,$0.86,$0.92,"$462,464.00","$65,147,000.00"
27-Nov-15,$0.88,$0.90,$0.86,$0.87,"$403,813.00","$66,174,600.00"
26-Nov-15,$0.86,$0.90,$0.80,$0.88,"$947,473.00","$64,740,900.00"
25-Nov-15,$0.89,$0.90,$0.85,$0.86,"$622,991.00","$67,010,200.00"
24-Nov-15,$0.95,$0.95,$0.90,$0.90,"$524,195.00","$70,931,100.00"
23-Nov-15,$0.97,$0.97,$0.93,$0.95,"$441,875.00","$72,484,200.00"
22-Nov-15,$0.98,$0.98,$0.96,$0.97,"$372,173.00","$73,378,800.00"
21-Nov-15,$0.93,$0.98,$0.92,$0.98,"$455,976.00","$69,535,300.00"
20-Nov-15,$0.96,$0.96,$0.90,$0.92,"$614,335.00","$71,532,500.00"
19-Nov-15,$0.99,$1.01,$0.94,$0.96,"$443,528.00","$73,976,100.00"
18-Nov-15,$0.99,$1.01,$0.94,$0.99,"$681,104.00","$74,287,700.00"
17-Nov-15,$0.92,$1.03,$0.91,$1.01,"$1,145,440.00","$69,157,900.00"
16-Nov-15,$0.91,$0.94,$0.89,$0.93,"$620,945.00","$67,730,700.00"
15-Nov-15,$0.89,$0.92,$0.87,$0.91,"$411,848.00","$66,590,200.00"
14-Nov-15,$0.91,$0.91,$0.88,$0.89,"$372,514.00","$67,631,900.00"
13-Nov-15,$0.91,$0.92,$0.85,$0.90,"$543,671.00","$67,777,000.00"
12-Nov-15,$0.80,$0.91,$0.76,$0.90,"$806,156.00","$59,448,700.00"
11-Nov-15,$0.94,$0.95,$0.73,$0.79,"$1,278,580.00","$70,236,200.00"
10-Nov-15,$1.00,$1.05,$0.92,$0.93,"$854,581.00","$74,685,300.00"
9-Nov-15,$1.03,$1.11,$0.95,$1.00,"$2,045,290.00","$76,991,800.00"
8-Nov-15,$0.92,$1.03,$0.92,$1.03,"$1,021,460.00","$68,254,300.00"
7-Nov-15,$0.92,$0.94,$0.86,$0.93,"$890,187.00","$68,833,200.00"
6-Nov-15,$0.90,$0.99,$0.85,$0.93,"$913,666.00","$67,397,100.00"
5-Nov-15,$0.90,$0.99,$0.86,$0.90,"$1,179,840.00","$67,070,700.00"
4-Nov-15,$1.01,$1.04,$0.73,$0.90,"$3,060,340.00","$75,232,400.00"
3-Nov-15,$0.99,$1.07,$0.94,$1.01,"$1,907,690.00","$74,010,000.00"
2-Nov-15,$1.06,$1.10,$0.95,$0.99,"$1,145,200.00","$78,701,400.00"
1-Nov-15,$0.92,$1.08,$0.90,$1.06,"$588,913.00","$68,477,200.00"
31-Oct-15,$1.05,$1.06,$0.90,$0.92,"$673,892.00","$77,800,300.00"
30-Oct-15,$1.21,$1.35,$0.97,$1.04,"$2,429,200.00","$89,857,400.00"
29-Oct-15,$1.01,$1.21,$0.95,$1.21,"$2,279,240.00","$74,675,600.00"
28-Oct-15,$0.87,$1.06,$0.81,$1.00,"$2,373,050.00","$64,676,600.00"
27-Oct-15,$0.71,$0.90,$0.71,$0.87,"$1,846,370.00","$52,624,300.00"
26-Oct-15,$0.62,$0.76,$0.60,$0.73,"$1,089,120.00","$45,991,300.00"
25-Oct-15,$0.56,$0.69,$0.56,$0.62,"$635,384.00","$41,781,300.00"
24-Oct-15,$0.54,$0.58,$0.52,$0.56,"$258,356.00","$40,022,100.00"
23-Oct-15,$0.57,$0.61,$0.50,$0.54,"$878,822.00","$41,986,400.00"
22-Oct-15,$0.44,$0.62,$0.42,$0.57,"$924,822.00","$32,977,300.00"
21-Oct-15,$0.43,$0.48,$0.42,$0.45,"$609,085.00","$31,973,600.00"
20-Oct-15,$0.49,$0.50,$0.43,$0.43,"$383,921.00","$36,261,200.00"
19-Oct-15,$0.52,$0.52,$0.48,$0.49,"$243,742.00","$38,321,300.00"
18-Oct-15,$0.55,$0.55,$0.51,$0.52,"$133,690.00","$40,550,400.00"
17-Oct-15,$0.53,$0.56,$0.53,$0.55,"$313,860.00","$39,515,900.00"
16-Oct-15,$0.56,$0.57,$0.52,$0.54,"$249,891.00","$41,608,900.00"
15-Oct-15,$0.52,$0.57,$0.51,$0.56,"$371,022.00","$38,688,300.00"
14-Oct-15,$0.61,$0.61,$0.48,$0.52,"$971,664.00","$45,250,600.00"
13-Oct-15,$0.63,$0.63,$0.60,$0.61,"$303,044.00","$46,395,200.00"
12-Oct-15,$0.63,$0.66,$0.63,$0.63,"$109,567.00","$46,864,200.00"
11-Oct-15,$0.63,$0.64,$0.62,$0.63,"$102,128.00","$46,327,500.00"
10-Oct-15,$0.64,$0.65,$0.62,$0.63,"$141,555.00","$47,325,200.00"
9-Oct-15,$0.66,$0.69,$0.63,$0.65,"$386,420.00","$48,334,900.00"
8-Oct-15,$0.61,$0.63,$0.59,$0.62,"$310,266.00","$44,955,900.00"
7-Oct-15,$0.65,$0.66,$0.60,$0.61,"$218,327.00","$47,964,700.00"
6-Oct-15,$0.62,$0.65,$0.61,$0.65,"$262,674.00","$45,863,300.00"
5-Oct-15,$0.67,$0.67,$0.62,$0.63,"$234,263.00","$49,131,600.00"
4-Oct-15,$0.69,$0.69,$0.66,$0.67,"$103,497.00","$50,556,000.00"
3-Oct-15,$0.68,$0.71,$0.68,$0.69,"$163,326.00","$49,981,900.00"
2-Oct-15,$0.68,$0.69,$0.65,$0.68,"$219,318.00","$50,328,700.00"
1-Oct-15,$0.73,$0.73,$0.66,$0.69,"$596,084.00","$54,032,300.00"
30-Sep-15,$0.66,$0.75,$0.64,$0.74,"$619,926.00","$48,636,600.00"
29-Sep-15,$0.58,$0.68,$0.56,$0.66,"$913,992.00","$42,607,700.00"
28-Sep-15,$0.72,$0.73,$0.56,$0.58,"$1,320,890.00","$53,201,800.00"
27-Sep-15,$0.79,$0.79,$0.72,$0.72,"$413,801.00","$58,149,600.00"
26-Sep-15,$0.74,$0.79,$0.71,$0.79,"$369,620.00","$54,188,900.00"
25-Sep-15,$0.82,$0.83,$0.71,$0.74,"$903,457.00","$60,221,400.00"
24-Sep-15,$0.90,$0.91,$0.79,$0.81,"$842,505.00","$65,836,400.00"
23-Sep-15,$0.90,$0.91,$0.89,$0.89,"$200,541.00","$66,309,600.00"
22-Sep-15,$0.92,$0.92,$0.87,$0.90,"$487,914.00","$67,444,200.00"
21-Sep-15,$0.94,$0.96,$0.88,$0.92,"$424,039.00","$69,045,900.00"
20-Sep-15,$0.88,$0.95,$0.87,$0.94,"$508,314.00","$64,600,000.00"
19-Sep-15,$0.85,$0.91,$0.83,$0.88,"$386,988.00","$62,262,700.00"
18-Sep-15,$0.87,$0.89,$0.83,$0.85,"$484,622.00","$64,071,300.00"
17-Sep-15,$0.91,$0.91,$0.83,$0.87,"$897,940.00","$66,415,200.00"
16-Sep-15,$0.94,$0.95,$0.90,$0.91,"$615,593.00","$68,963,300.00"
15-Sep-15,$0.88,$1.05,$0.88,$0.94,"$703,390.00","$64,052,400.00"
14-Sep-15,$0.94,$0.95,$0.87,$0.88,"$741,085.00","$68,814,400.00"
13-Sep-15,$1.04,$1.04,$0.90,$0.94,"$644,138.00","$76,193,600.00"
12-Sep-15,$0.99,$1.11,$0.97,$1.04,"$772,430.00","$72,179,000.00"
11-Sep-15,$1.16,$1.17,$0.94,$0.98,"$1,942,600.00","$85,144,300.00"
10-Sep-15,$1.21,$1.22,$1.14,$1.17,"$662,782.00","$88,230,500.00"
9-Sep-15,$1.24,$1.26,$1.20,$1.21,"$366,748.00","$90,518,300.00"
8-Sep-15,$1.25,$1.28,$1.23,$1.24,"$427,892.00","$91,020,700.00"
7-Sep-15,$1.30,$1.31,$1.24,$1.25,"$489,014.00","$94,585,300.00"
6-Sep-15,$1.34,$1.37,$1.29,$1.30,"$491,968.00","$97,625,500.00"
5-Sep-15,$1.28,$1.34,$1.27,$1.34,"$448,453.00","$93,402,300.00"
4-Sep-15,$1.26,$1.30,$1.24,$1.27,"$474,391.00","$92,234,100.00"
3-Sep-15,$1.30,$1.31,$1.21,$1.26,"$702,991.00","$94,418,700.00"
2-Sep-15,$1.35,$1.35,$1.26,$1.29,"$883,769.00","$98,504,600.00"
1-Sep-15,$1.35,$1.39,$1.34,$1.35,"$778,862.00","$98,617,200.00"
31-Aug-15,$1.32,$1.40,$1.20,$1.36,"$1,447,180.00","$96,251,000.00"
30-Aug-15,$1.18,$1.37,$1.17,$1.32,"$1,337,650.00","$86,145,900.00"
29-Aug-15,$1.19,$1.21,$1.15,$1.18,"$375,377.00","$86,887,600.00"
28-Aug-15,$1.15,$1.21,$1.12,$1.19,"$721,872.00","$83,521,700.00"
27-Aug-15,$1.17,$1.19,$1.14,$1.15,"$686,662.00","$85,106,100.00"
26-Aug-15,$1.13,$1.20,$1.06,$1.16,"$1,056,750.00","$82,384,400.00"
25-Aug-15,$1.23,$1.24,$1.13,$1.14,"$1,307,180.00","$89,321,900.00"
24-Aug-15,$1.35,$1.36,$1.23,$1.23,"$924,920.00","$97,791,600.00"
23-Aug-15,$1.38,$1.41,$1.30,$1.35,"$1,589,300.00","$99,894,500.00"
22-Aug-15,$1.40,$1.48,$1.35,$1.38,"$948,310.00","$101,404,000.00"
21-Aug-15,$1.48,$1.56,$1.35,$1.40,"$2,020,970.00","$107,266,000.00"
20-Aug-15,$1.25,$1.53,$1.25,$1.46,"$2,843,760.00","$90,809,000.00"
19-Aug-15,$1.17,$1.32,$1.17,$1.26,"$1,486,240.00","$84,663,900.00"
18-Aug-15,$1.22,$1.33,$1.09,$1.09,"$1,485,680.00","$88,143,200.00"
17-Aug-15,$1.58,$1.58,$1.19,$1.20,"$1,942,830.00","$95,819,700.00"
16-Aug-15,$1.68,$1.70,$1.09,$1.57,"$3,550,790.00","$102,028,000.00"
15-Aug-15,$1.80,$1.88,$1.57,$1.69,"$2,554,360.00","$109,160,000.00"
14-Aug-15,$1.81,$2.26,$1.75,$1.83,"$4,637,030.00","$109,594,000.00"
13-Aug-15,$1.22,$1.97,$1.17,$1.83,"$4,068,680.00","$73,935,400.00"
12-Aug-15,$1.06,$1.29,$0.88,$1.22,"$2,150,620.00","$64,018,400.00"
11-Aug-15,$0.71,$1.13,$0.66,$1.07,"$1,463,100.00","$42,796,500.00"
10-Aug-15,$0.71,$0.73,$0.64,$0.71,"$405,283.00","$43,130,000.00"
9-Aug-15,$0.71,$0.88,$0.63,$0.70,"$532,170.00","$42,637,600.00"
8-Aug-15,$2.79,$2.80,$0.71,$0.75,"$674,188.00","$167,911,000.00"
7-Aug-15,$2.83,$3.54,$2.52,$2.77,"$164,329.00",-
,,,,,,
